Country,Country ISO,Country Code,Destination Network,MCC,MNC,Rate in USD
Aruba,ABW,297,Aruba-MIO,,,0.05000
Aruba,ABW,297,Aruba-Others,,,0.05000
Aruba,ABW,297,Aruba - New Millennium Telecom (Digicel),,,0.05000
Aruba,ABW,297,Aruba - SETAR,,,0.05000
Afghanistan,AFG,93,Afghanistan-Other,,,0.08600
Afghanistan,AFG,93,Afghanistan - Afghan Telecom,,,0.08600
Afghanistan,AFG,93,Afghanistan - Afghan Wireless Communication Company (AWCC),,,0.08600
Afghanistan,AFG,93,Afghanistan - Areeba (MTN),,,0.12500
Afghanistan,AFG,93,Afghanistan - Etisalat,,,0.08600
Afghanistan,AFG,93,Afghanistan - Roshan,,,0.12500
Angola,AGO,244,Angola-Others,,,0.06000
Angola,AGO,244,Angola - Movicel,,,0.06000
Angola,AGO,244,Angola - Unitel,,,0.06000
Anguilla,AIA,1264,Anguilla-Digicel,,,0.03500
Anguilla,AIA,1264,Anguilla-Others,,,0.03500
Anguilla,AIA,1264,Anguilla-LIME,,,0.03500
Anguilla,AIA,1264,Anguilla - Cable & Wireless (Anguilla),,,0.03500
Anguilla,AIA,1264,Anguilla - Weblinks,,,0.03500
Albania,ALB,355,Albania-Others,,,0.08500
Albania,ALB,355,Albania - Albania Mobile Communications (AMC),,,0.08500
Albania,ALB,355,Albania - Eagle Mobile,,,0.08500
Albania,ALB,355,Albania - Plus Communications (4L),,,0.08500
Albania,ALB,355,Albania - Vodafone Albania,,,0.08500
Andorra,AND,376,Andorra - Mobiland,,,0.04000
Netherlands Antilles,ANT,599,Netherlands Antilles-Telcell,,,0.02000
Netherlands Antilles,ANT,599,Netherlands Antilles - Digicel,,,0.03500
Netherlands Antilles,ANT,599,Netherlands Antilles - Satel,,,0.03500
United Arab Emirates,ARE,971,United Arab Emirates-Others,,,0.03000
United Arab Emirates,ARE,971,United Arab Emirates - Etisalat,,,0.03000
United Arab Emirates,ARE,971,United Arab Emirates - du,,,0.03000
Argentina,ARG,54,Argentina-Movistar,,,0.06500
Argentina,ARG,54,Argentina-Others,,,0.06500
Argentina,ARG,54,Argentina - CTI NORTE COMPANIA DE TELEFONOS DEL INTERIOR,,,0.06500
Argentina,ARG,54,Argentina - Claro,,,0.06900
Argentina,ARG,54,Argentina - NEXTEL COMMUNICATIONS ARGENTIN,,,0.06750
Argentina,ARG,54,Argentina - TELECOM PERSONAL,,,0.06500
Argentina,ARG,54,Argentina - TELEFONICA MOVILES ARGENTINA,,,0.06500
Argentina,ARG,54,COMPANIA DE RADIOCOMUNICACIONE,,,0.06500
Argentina,ARG,54,Argentina - GTE PCS,,,0.06500
Argentina,ARG,54,Argentina - TELEFONICA COMUNICACIONES PERSONALES,,,0.06750
Argentina,ARG,54,CTI COMPANIA DE TELEFONOS DEL INTERIOR,,,0.06800
Armenia,ARM,374,Armenia-Others,,,0.08100
Armenia,ARM,374,Armenia - ArmenTel,,,0.08100
Armenia,ARM,374,Armenia - K-Telecom (Vivacell),,,0.08100
Armenia,ARM,374,Armenia - Karabagh Telecom,,,0.08100
Armenia,ARM,374,Armenia - Orange Armenia,,,0.08100
American Samoa,ASM,1684,American Samoa-Others,,,0.06500
American Samoa,ASM,1684,American Samoa-ASTCA,,,0.06500
American Samoa,ASM,1684,American Samoa - American Samoa License DBA Blue Sky Communications,,,0.04000
Antigua and Barbuda,ATG,1268,Antigua and Barbuda-Others,,,0.04500
Antigua and Barbuda,ATG,1268,Antigua and Barbuda - APUA PCS,,,0.04500
Antigua and Barbuda,ATG,1268,Antigua and Barbuda - Cable & Wireless (Antigua),,,0.04500
Australia,AUS,61,Australia - Other Networks,,,0.03800
Australia,AUS,61,Australia-YES OPTUS,,,0.03800
Australia,AUS,61,Australia - Dialogue Communications Pty Limited,,,0.03800
Australia,AUS,61,Australia - Pivotel Satellite Pty Limited,,,0.03800
Australia,AUS,61,Australia - Rail Corporation,,,0.03800
Australia,AUS,61,Australia - SingTel Optus,,,0.03800
Australia,AUS,61,Australia - Telstra Corporation,,,0.03800
Australia,AUS,61,Australia - Victorian Rail Track,,,0.03800
Australia,AUS,61,Australia - Vodafone Australia PTY Limited,,,0.03800
Australia,AUS,61,Australia - Vodafone Hutchison Australia,,,0.03800
Australia,AUS,61,Australia Lycamobile Pty Ltd,,,0.03800
Australia,AUS,61,Australia - Default,,,0.03800
Austria,AUT,43,Austria-Others,,,0.07450
Austria,AUT,43,Austria-3 AT,,,0.07450
Austria,AUT,43,Austria - Hutchison 3G Austria GmbH (NETCO 3G GmbH),,,0.07450
Austria,AUT,43,Austria - Lycamobile,,,0.08680
Austria,AUT,43,Austria - T Mobile,,,0.07450
Austria,AUT,43,Austria - Orange,,,0.08680
Austria,AUT,43,Austria - A1 Telekom,,,0.07450
Azerbaijan,AZE,994,Azerbaijan-Others,,,0.14400
Azerbaijan,AZE,994,Azerbaijan-FONEX(Catel),,,0.14400
Azerbaijan,AZE,994,Azerbaijan - Azercell,,,0.16000
Azerbaijan,AZE,994,Azerbaijan - Azerfon(Nar Mobile),,,0.18000
Azerbaijan,AZE,994,Azerbaijan - Bakcell,,,0.18000
Azerbaijan,AZE,994,Azerbaijan - Catel,,,0.14400
Burundi,BDI,257,Burundi-Others,,,0.07000
Burundi,BDI,257,Burundi - Africell,,,0.07000
Burundi,BDI,257,Burundi - Econet Wireless,,,0.07000
Burundi,BDI,257,Burundi - Lacell (Smart Mobile),,,0.07000
Burundi,BDI,257,Burundi - Onatel,,,0.07000
Burundi,BDI,257,Burundi - U-COM,,,0.07000
Belgium,BEL,32,Belgium-Others,,,0.09500
Belgium,BEL,32,Belgium - Belgacom Mobile - Proximus,,,0.09500
Belgium,BEL,32,Belgium - KPN Belgium (BASE),,,0.09500
Belgium,BEL,32,Belgium - Lycamobile,,,0.09500
Belgium,BEL,32,Belgium - MOBISTAR s.a.,,,0.09500
Belgium,BEL,32,Belgium - N.M.B.S.,,,0.09500
Belgium,BEL,32,Belgium - TELENET n.v.,,,0.09500
Benin,BEN,229,Benin - Etisalat (Telecel),,,0.05500
Benin,BEN,229,Benin-MTN,,,0.05500
Benin,BEN,229,Benin-Others,,,0.05500
Benin,BEN,229,Benin - BBCom,,,0.05500
Benin,BEN,229,Benin - BeninCell (MTN)(Spacetel),,,0.05500
Benin,BEN,229,Benin - GloBenin,,,0.05500
Benin,BEN,229,Benin - Libercom,,,0.05500
Benin,BEN,229,Benin - Telecel,,,0.06500
Burkina Faso,BFA,226,Burkina Faso-Others,,,0.08300
Burkina Faso,BFA,226,Burkina Faso - Airtel Burkina Faso S.A.,,,0.06100
Burkina Faso,BFA,226,Burkina Faso - Telecel Faso S.A.,,,0.08300
Burkina Faso,BFA,226,Burkina Faso - Telmob S.A (ONATEL),,,0.08300
Bangladesh,BGD,880,Bangladesh All,,,0.07500
Bangladesh,BGD,880,Bangladesh - Axiat Bangladesh Ltd,,,0.07500
Bangladesh,BGD,880,Bangladesh - Grameen Phone,,,0.08500
Bangladesh,BGD,880,Bangladesh - Orascom Telecom Holding,,,0.08500
Bangladesh,BGD,880,Bangladesh - Pacific Bangladesh Telecom,,,0.07500
Bangladesh,BGD,880,Bangladesh - Teletalk,,,0.07500
Bangladesh,BGD,880,Bangladesh - Warid Telecom,,,0.08500
Bulgaria,BGR,359,Bulgaria - Other Networks,,,0.05600
Bulgaria,BGR,359,Bulgaria - Bulgarian Telecom Company (BTC),,,0.05600
Bulgaria,BGR,359,Bulgaria - Globul (Cosmo Bulgaria Mobile),,,0.09300
Bulgaria,BGR,359,Bulgaria - MobilTel AD,,,0.05600
Bahrain,BHR,973,Bahrain-Others,,,0.01500
Bahrain,BHR,973,Bahrain - Batelco,,,0.01500
Bahrain,BHR,973,Bahrain - ROYAL COURT,,,0.01500
Bahrain,BHR,973,Bahrain - Viva Bahrain / STC Bahrain,,,0.01500
Bahrain,BHR,973,Bahrain - Zain Bahrain,,,0.01500
Bahamas,BHS,1242,Bahamas - All Networks,,,0.02250
Bosnia and Herzegovina,BIH,387,Bosnia and Herzegovina-Others,,,0.06300
Bosnia and Herzegovina,BIH,387,Bosnia and Herzegovina - GSM BIH (BH Telecom),,,0.09000
Bosnia and Herzegovina,BIH,387,Bosnia and Herzegovina - HPT Mostar (HT d.d. Mostar),,,0.09500
Bosnia and Herzegovina,BIH,387,Bosnia and Herzegovina - m:tel,,,0.06300
Belarus,BLR,375,Belarus-Others,,,0.04400
Belarus,BLR,375,Belarus - BelCel JV,,,0.04400
Belarus,BLR,375,Belarus - JV Mobile Digital Communications Ltd (Velcom),,,0.07500
Belarus,BLR,375,Belarus - Life:),,,0.04400
Belarus,BLR,375,Belarus - Mobile TeleSystems LLC (MTS),,,0.07500
Belize,BLZ,501,Belize-Others,,,0.02430
Belize,BLZ,501,Belize - Belize Telecommunication,,,0.02430
Belize,BLZ,501,Belize - SPEEDNET,,,0.02430
Bermuda,BMU,1441,Bermuda - Digicel,,,0.05110
Bermuda,BMU,1441,Bermuda - CellularOne (Bermuda Digital),,,0.03400
Bolivia,BOL,591,Bolivia-Others,,,0.03000
Bolivia,BOL,591,Bolivia - Entel,,,0.03000
Bolivia,BOL,591,Bolivia - Tigo,,,0.06600
Bolivia,BOL,591,Bolivia - Viva,,,0.08750
Brazil,BRA,55,Brazil-Others,,,0.03900
Brazil,BRA,55,Brazil - CTBC Celular,,,0.03900
Brazil,BRA,55,Brazil - Claro,,,0.03900
Brazil,BRA,55,Brazil - Datora Telecommunications,,,0.03900
Brazil,BRA,55,Brazil - Nextel Brazil,,,0.03900
Brazil,BRA,55,Brazil - Oi Grupo,,,0.03900
Brazil,BRA,55,Brazil - Options Comp & Elet Ltda,,,0.03900
Brazil,BRA,55,Brazil - Porto Seguro Telecomunicacoes,,,0.03900
Brazil,BRA,55,Brazil - Sercomtel Celular,,,0.03900
Brazil,BRA,55,Brazil - TIM Celular,,,0.03900
Brazil,BRA,55,Brazil - Telcom Telecomunicacoes Do Brasil,,,0.03900
Brazil,BRA,55,Brazil - Unicel Do Brasil Telecomunicacoes,,,0.03900
Brazil,BRA,55,Brazil - Vivo,,,0.03900
Brazil,BRA,55,Brazil VIVO MG,,,0.03900
Barbados,BRB,1246,Barbados-Others,,,0.03770
Barbados,BRB,1246,Barbados-LIME (Cable and Wireless),,,0.03770
Barbados,BRB,1246,Barbados-Sunbeach,,,0.03770
Brunei,BRN,673,Brunei-Others,,,0.01200
Brunei,BRN,673,B-Mobile Communications,,,0.01200
Brunei,BRN,673,DST Communications,,,0.01200
Bhutan,BTN,975,Bhutan-B-Mobile,,,0.04600
Bhutan,BTN,975,Bhutan-Others,,,0.04600
Bhutan,BTN,975,Bhutan - Bhutan Telecom,,,0.04600
Bhutan,BTN,975,Bhutan - Tashi Cell,,,0.04600
Botswana,BWA,267,Botswana-Others,,,0.04200
Botswana,BWA,267,Botswana - BTC Mobile,,,0.04200
Botswana,BWA,267,Botswana - Mascom Wireless,,,0.09500
Botswana,BWA,267,Botswana - Orange Botswana,,,0.09500
Central African Republic,CAF,236,Central African Republic-Others,,,0.03000
Central African Republic,CAF,236,Central African Republic - A-Cell,,,0.06500
Central African Republic,CAF,236,Central African Republic - NationLink Telecom,,,0.08300
Central African Republic,CAF,236,Central African Republic - Orange,,,0.02800
Central African Republic,CAF,236,Central African Republic - Telecel,,,0.02100
Canada,CAN,1,Canada - Aliant Telecom (Mobility),,,0.00500
Canada,CAN,1,Canada - Bell Mobility,,,0.00500
Canada,CAN,1,Canada - Dave Mobilicity,,,0.00500
Canada,CAN,1,Canada - Dryden Mobility,,,0.00500
Canada,CAN,1,Canada - Fido Solutions,,,0.00500
Canada,CAN,1,Canada - Globalive Wireless Management,,,0.00500
Canada,CAN,1,Canada - Globalstar Canada,,,0.00500
Canada,CAN,1,Canada - MTS Mobility,,,0.00500
Canada,CAN,1,Canada - Rogers Wireless,,,0.00500
Canada,CAN,1,Canada - SaskTel Wireless,,,0.00500
Canada,CAN,1,Canada - TBayTel Wireless,,,0.00500
Canada,CAN,1,Canada - Telus Mobility,,,0.00500
Canada,CAN,1,Canada - Videotron,,,0.00500
Canada,CAN,1,Canada - All,,,0.00500
Switzerland,CHE,41,Switzerland - Comfone AG,,,0.06000
Switzerland,CHE,41,Switzerland - In&Phone,,,0.06000
Switzerland,CHE,41,Switzerland - Lycamobile (SALT),,,0.06000
Switzerland,CHE,41,Switzerland - Orange Communications,,,0.07900
Switzerland,CHE,41,Switzerland - Sunrise Communications,,,0.06000
Switzerland,CHE,41,Switzerland - Swisscom,,,0.06000
Switzerland,CHE,41,UPC Cablecom GmbH,,,0.06000
Switzerland,CHE,41,Switzerland - Other,,,0.03000
Chile,CHL,56,Chile - Movistar,,,0.06300
Chile,CHL,56,Chile-Nextel,,,0.06300
Chile,CHL,56,Chile-Others,,,0.06300
Chile,CHL,56,Chile - BLUE TWO CHILE,,,0.06300
Chile,CHL,56,Chile - CENTENNIAL CAYMAN CORP,,,0.06300
Chile,CHL,56,Chile - CLARO CHILE,,,0.06300
Chile,CHL,56,Chile - Celupago,,,0.06300
Chile,CHL,56,Chile - ENTEL PCS TELECOMUNICACIONES,,,0.06300
Chile,CHL,56,Chile - NETLINE TELEFONICA,,,0.06300
Chile,CHL,56,Chile - TELEFONICA MOVILES CHILE,,,0.06300
Chile,CHL,56,Chile - TRIBE MOBILE SPA,,,0.06300
Chile,CHL,56,Chile - Telestar Movil,,,0.06300
Chile,CHL,56,Chile - VTR BANDA ANCHA,,,0.06300
China,CHN,86,China Others,,,0.02950
China,CHN,86,China - China Mobile,,,0.02950
China,CHN,86,China - China Telecom (CDMA),,,0.02950
China,CHN,86,China - China Unicom,,,0.02950
Ivory Coast,CIV,225,Cote d'Ivoire-Others,,,0.06500
Ivory Coast,CIV,225,Cote D'Ivoire - Atlantique Cellulaire (MOOV),,,0.08000
Ivory Coast,CIV,225,Cote D'Ivoire - Comium Ivory Coast Inc (KoZ),,,0.08000
Ivory Coast,CIV,225,Cote D'Ivoire - MTN Cote d'Ivoire,,,0.08000
Ivory Coast,CIV,225,Cote D'Ivoire - NiamoutieTelecom,,,0.06500
Ivory Coast,CIV,225,Cote D'Ivoire - Orange Cote d'Ivoire,,,0.15000
Ivory Coast,CIV,225,Cote D'Ivoire - Oricel Cote d'Ivoire,,,0.12000
Cameroon,CMR,237,Cameroon - MTN,,,0.06000
Cameroon,CMR,237,Cameroon - Orange,,,0.05500
Congo Democratic Republic,COD,243,"Congo, The Democratic Republic of the-Others",,,0.06700
Congo Democratic Republic,COD,243,Equateur Telecom Congo (ETC),,,0.07500
Congo Democratic Republic,COD,243,CYRUS,,,0.06700
Congo Democratic Republic,COD,243,Congolese Wireless Network (Vodacom),,,0.04100
Congo Democratic Republic,COD,243,AIRTEL (old Zain),,,0.09200
Congo Democratic Republic,COD,243,Supercell,,,0.08300
Congo Democratic Republic,COD,243,Orange,,,0.06700
Congo Democratic Republic,COD,243,Yozma Timeturns,,,0.07500
Congo Democratic Republic,COD,243,Sait-Telecom (Oasis),,,0.06700
Congo Democratic Republic,COD,243,Africell RDC,,,0.07500
Congo,COG,242,Congo-Airtel,,,0.05300
Congo,COG,242,Congo-Others,,,0.05300
Congo,COG,242,Celtel Congo,,,0.05300
Congo,COG,242,MTN Congo S.A.,,,0.05300
Cook Islands,COK,682,Cook Islands-Others,,,0.02700
Cook Islands,COK,682,Cook Islands - Telecom Cook Islands Ltd,,,0.02700
Colombia,COL,57,Colombia-Others,,,0.04100
Colombia,COL,57,Colombia - Avantel S.A.,,,0.04100
Colombia,COL,57,Colombia - Comcel S.A. (Claro),,,0.04100
Colombia,COL,57,Colombia - LLEIDA S.A.S.,,,0.04100
Colombia,COL,57,Colombia - Telefonica Colombia,,,0.04100
Comoros,COM,269,Comoros-Others,,,0.01850
Comoros,COM,269,Comoros - Comores Telecom,,,0.03000
Cape Verde,CPV,238,Cape Verde-Others,,,0.04700
Cape Verde,CPV,238,Cape Verde - Cabo Verde Movel,,,0.08800
Cape Verde,CPV,238,Cape Verde - TPlus Telecom,,,0.04700
Costa Rica,CRI,506,Costa Rica-Others,,,0.04500
Costa Rica,CRI,506,Costa Rica - Claro Costa Rica Telecomunicaciones,,,0.04500
Costa Rica,CRI,506,Costa Rica - Instituto Costarricense de Electricidad (ICE),,,0.04500
Costa Rica,CRI,506,Costa Rica - Telefonica Moviles,,,0.04500
Cuba,CUB,53,Cuba - ETECSA/Cubacel,,,0.08000
Cayman Islands,CYM,1345,Cayman Islands - Digicell,,,0.05400
Cayman Islands,CYM,1345,Cayman Islands-Others,,,0.05400
Cayman Islands,CYM,1345,Cayman Islands - Cable & Wireless (Cayman Islan,,,0.05400
Cyprus,CYP,357,Cyprus-Others,,,0.03650
Cyprus,CYP,357,CYTAmobile-Vodafone,,,0.03650
Cyprus,CYP,357,MTN (Areeba Ltd),,,0.03650
Cyprus,CYP,357,PrimeTel PLC,,,0.03650
Cyprus,CYP,357,Lemontel Ltd,,,0.03650
Czech Republic,CZE,420,Czech Republic - ASTELNET,,,0.05900
Czech Republic,CZE,420,Czech Republic - Air Telecom (MobilKom),,,0.05900
Czech Republic,CZE,420,Czech Republic - Compatel,,,0.05900
Czech Republic,CZE,420,Czech Republic - T-Mobile Czech Republic (T-Systems),,,0.05900
Czech Republic,CZE,420,Czech Republic - TRAVEL TELEKOMMUNIKATION,,,0.05900
Czech Republic,CZE,420,Czech Republic - Telefonica Czech Republic,,,0.05900
Czech Republic,CZE,420,Czech Republic - Vodafone Czech Republic,,,0.05900
Germany,DEU,49,Germany Others,,,0.09500
Germany,DEU,49,Germany - DTAG (T-Mobile),,,0.09500
Germany,DEU,49,Germany - E Plus Mobilfunk,,,0.09500
Germany,DEU,49,Germany - Lycamobile,,,0.09500
Germany,DEU,49,Germany - Telefonica (O2 Germany GmbH & Co. OHG),,,0.09500
Germany,DEU,49,Germany - Vodafone D2,,,0.09500
Djibouti,DJI,253,Djibouti - Evatis,,,0.09200
Djibouti,DJI,253,Djibouti - Others,,,0.09200
Dominica,DMA,1767,Dominica - Cable & Wireless LIME (Dominica),,,0.03000
Denmark,DNK,45,Denmark-Other Networks,,,0.03250
Denmark,DNK,45,Denmark - Hi3G,,,0.03250
Denmark,DNK,45,Denmark - Lycamobile Denmark Ltd,,,0.03250
Denmark,DNK,45,Denmark - Mach Connectivity,,,0.03250
Denmark,DNK,45,Denmark - TDC,,,0.03250
Denmark,DNK,45,Denmark - Telenor,,,0.03250
Denmark,DNK,45,Denmark - Telia,,,0.03250
Dominican Republic,DOM,1809,Dominican Republic - Other,,,0.06200
Dominican Republic,DOM,1809,Dominican Republic - Compania Dominicana de Telefon (Claro),,,0.06200
Dominican Republic,DOM,1809,Dominican Republic - Orange Dominicana,,,0.06200
Dominican Republic,DOM,1809,Dominican Republic - Tricom,,,0.06200
Dominican Republic,DOM,1809,Dominican Republic - Trilogy Dominicana (Viva),,,0.06200
Algeria,DZA,213,Algeria-Others,,,0.11000
Algeria,DZA,213,Algeria - Algerie Telecom,,,0.11600
Algeria,DZA,213,Algeria - Orascom Telecom,,,0.11000
Algeria,DZA,213,Algeria - Wataniya Telecom Algerie (Nedjma),,,0.11000
Ecuador,ECU,593,Ecuador-Others,,,0.07000
Ecuador,ECU,593,Ecuador - Claro (Conecel S.A.),,,0.07000
Ecuador,ECU,593,Ecuador - Movistar (Otecel),,,0.14000
Egypt,EGY,20,Egypt - Etisalat,,,0.06800
Egypt,EGY,20,Egypt - Mobilnil,,,0.06800
Egypt,EGY,20,Egypt - Vodafone,,,0.06800
Egypt,EGY,20,Egypt - Default,,,0.06800
Egypt,EGY,20,Egypt - Telecom Egypt,,,0.06800
Eritrea,ERI,291,Eritrea-Others,,,0.10000
Eritrea,ERI,291,Eritrea - Eritel,,,0.10000
Spain,ESP,34,Spain-Other Networks,,,0.06200
Spain,ESP,34,Spain - BT Espana,,,0.06200
Spain,ESP,34,Spain - Best Spain Telecom,,,0.06200
Spain,ESP,34,Spain - Cableuropa (Ono),,,0.06200
Spain,ESP,34,Spain - EPCATEM MALAGA 2000,,,0.06200
Spain,ESP,34,Spain - France Telecom (Orange) Espana,,,0.06200
Spain,ESP,34,Spain - JAZZ TELECOM,,,0.06200
Spain,ESP,34,Spain - Lycamobile,,,0.06200
Spain,ESP,34,Spain - R Cable Y Telecomunicaciones Galicia,,,0.06200
Spain,ESP,34,Spain - Telecable De Asturias,,,0.06200
Spain,ESP,34,Spain - Telefonica Moviles Espana,,,0.06200
Spain,ESP,34,Spain - Vodafone Espana,,,0.07500
Spain,ESP,34,Spain - Xfera (Yoigo),,,0.06200
Spain,ESP,34,Fonyou Telecom,,,0.06200
Estonia,EST,372,Estonia-Others,,,0.06900
Estonia,EST,372,Estonia - EMT,,,0.07500
Estonia,EST,372,Estonia - Elisa Eesti AS (Radiolinja Eesti),,,0.06900
Estonia,EST,372,Estonia - Tele 2 Eesti,,,0.08000
Ethiopia,ETH,251,Ethiopia - EthioMobile,,,0.01700
Finland,FIN,358,Finland-Saunalahti,,,0.07250
Finland,FIN,358,Finland - Alands Mobiltelefon,,,0.08100
Finland,FIN,358,Finland - Compatel Limited,,,0.07250
Finland,FIN,358,Finland - DNA Finland,,,0.07250
Finland,FIN,358,Finland - Elisa Oy,,,0.07250
Finland,FIN,358,Finland - Nokia,,,0.07250
Finland,FIN,358,Finland - Suomen Erillisverkot,,,0.07250
Finland,FIN,358,Finland - TeliaSonera Finland,,,0.08100
Finland,FIN,358,Finland - Ukko Mobile,,,0.07250
Finland,FIN,358,Finland - Virve Tuotteet ja Palvelut Oy,,,0.07250
Finland,FIN,358,TDC Finland,,,0.07250
Finland,FIN,358,Mundio Mobile (Finland) Limited),,,0.07250
Finland,FIN,358,Finland - Others,,,0.07250
Fiji,FJI,679,Fiji-Others,,,0.03700
Fiji,FJI,679,Fiji - Digicel,,,0.03700
Fiji,FJI,679,Fiji - Vodafone,,,0.12000
Falkland Islands (Malvinas),FLK,500,Falkland Islands (Malvinas) - All Networks,,,0.02000
France,FRA,33,France - Others,,,0.07100
France,FRA,33,France - ASSOCIATION PLATE,,,0.07100
France,FRA,33,France - ASTRIUM SAS,,,0.07100
France,FRA,33,France - BOUYGUES TELECOM,,,0.07100
France,FRA,33,France - COMPLETEL,,,0.07100
France,FRA,33,France - FREE MOBILE,,,0.07100
France,FRA,33,France - Globalstar Europe,,,0.07100
France,FRA,33,France - Hewlett,,,0.07100
France,FRA,33,France - MOBIQUITHINGS,,,0.07100
France,FRA,33,France - NRJ MOBILE,,,0.07100
France,FRA,33,France - OMEA TELECOM,,,0.07100
France,FRA,33,France - ORANGE FRANCE,,,0.07100
France,FRA,33,France - SOCIETE FRANCAISE DU RADIOTELEPHONE (SFR),,,0.07100
France,FRA,33,France - TRANSATEL,,,0.07100
France,FRA,33,Ste D'INGENIERIE SYSTEME TELECOM ET RESEAUX,,,0.07100
France,FRA,33,LYCAMOBILE,,,0.07100
France,FRA,33,AFONE,,,0.07100
France,FRA,33,MUNDIO MOBILE,,,0.07100
Faeroe Islands,FRO,298,Faeroe Islands - All Networks,,,0.01000
Micronesia,FSM,691,Micronesia - All Networks,,,0.06500
Gabon,GAB,241,Gabon-Others,,,0.05000
Gabon,GAB,241,Gabon - Libertis,,,0.02500
Gabon,GAB,241,Gabon - Telecel,,,0.02500
Gabon,GAB,241,Gabon - Airtel,,,0.05000
United Kingdom,GBR,44,United Kingdom - Other Networks,,,0.03300
United Kingdom,GBR,44,United Kingdom-O2,,,0.03300
United Kingdom,GBR,44,United Kingdom-T Mobile,,,0.03300
United Kingdom,GBR,44, United Kingdom-Landline,,,0.03300
United Kingdom,GBR,44,United Kingdom - Sure (Guernsey) Limited,,,0.03300
United Kingdom,GBR,44,United Kingdom - Airwave Solutions,,,0.03300
United Kingdom,GBR,44,United Kingdom - BT (Mcom),,,0.03300
United Kingdom,GBR,44,United Kingdom - Cloud9 Communications,,,0.03300
United Kingdom,GBR,44,United Kingdom - Everything Everywhere (T-Mobile),,,0.03300
United Kingdom,GBR,44,United Kingdom - FleXtel,,,0.03300
United Kingdom,GBR,44,United Kingdom - HAY SYSTEMS,,,0.03300
United Kingdom,GBR,44,United Kingdom - Hutchison 3G UK,,,0.03300
United Kingdom,GBR,44,United Kingdom - JSC Ingenium (UK),,,0.03300
United Kingdom,GBR,44,United Kingdom - Jersey Airtel,,,0.03300
United Kingdom,GBR,44,United Kingdom - Jersey Telecom,,,0.03300
United Kingdom,GBR,44,United Kingdom - Limitless Mobile,,,0.03300
United Kingdom,GBR,44,United Kingdom - Lleida.net Serveis Telematics,,,0.03300
United Kingdom,GBR,44,United Kingdom - Manx Telecom,,,0.03300
United Kingdom,GBR,44,United Kingdom - Marathon Telecom,,,0.03300
United Kingdom,GBR,44,United Kingdom - Mundio Mobile (Mcom),,,0.03300
United Kingdom,GBR,44,United Kingdom - Orange,,,0.03300
United Kingdom,GBR,44,United Kingdom - SSE Energy Supply,,,0.03300
United Kingdom,GBR,44,United Kingdom - Stour Marine,,,0.03300
United Kingdom,GBR,44,United Kingdom - Synectiv,,,0.03300
United Kingdom,GBR,44,United Kingdom - TalkTalk Communications ( Vodafone),,,0.03300
United Kingdom,GBR,44,United Kingdom - TeleWare,,,0.03300
United Kingdom,GBR,44,United Kingdom - Telefonica UK (O2 UK),,,0.03300
United Kingdom,GBR,44,United Kingdom - Telesign Mobile (Routo Telecom),,,0.03300
United Kingdom,GBR,44,United Kingdom - Tismi BV,,,0.03300
United Kingdom,GBR,44,United Kingdom - Truphone,,,0.03300
United Kingdom,GBR,44,United Kingdom - UK Broadband Limited,,,0.03300
United Kingdom,GBR,44,United Kingdom - Vodafone,,,0.03300
United Kingdom,GBR,44,Lycamobile UK,,,0.03300
United Kingdom,GBR,44,Virgin Mobile Telecoms,,,0.03300
Georgia,GEO,995,Georgia-Mobitel,,,0.02600
Georgia,GEO,995,Georgia - Aquafon,,,0.02600
Georgia,GEO,995,Georgia - Beeline,,,0.12000
Georgia,GEO,995,Georgia - Geocell,,,0.03800
Georgia,GEO,995,Georgia - Magti,,,0.12000
Georgia,GEO,995,Georgia - Silqnet,,,0.02600
Georgia,GEO,995,Georgia - Default,,,0.12000
Guernsey,GGY,,Guernsey - All Networks,,,0.02200
Ghana,GHA,233,Ghana - Airtel /Zain Communications (Ghana) Ltd,,,0.05500
Ghana,GHA,233,Ghana - Ghana Telecom / Vodafone (Ghana),,,0.05500
Ghana,GHA,233,Ghana - Glo Ghana (Globalcom),,,0.05500
Ghana,GHA,233,Ghana - Kasapa Telecom Ltd (CDMA)(expresso),,,0.05500
Ghana,GHA,233,Ghana - Millicom Ghana Ltd (tiGO),,,0.05500
Ghana,GHA,233,Ghana - ScanCom Ltd (MTN),,,0.05500
Gibraltar,GIB,350,Gibraltar-Others,,,0.01300
Gibraltar,GIB,350,Gibraltar - CTS,,,0.01300
Gibraltar,GIB,350,Gibraltar - Gibtelecom,,,0.01300
Guinea,GIN,224,Guinea-Others,,,0.03000
Guinea,GIN,224,Guinea - Areeba (MTN),,,0.10200
Guinea,GIN,224,Guinea - Cellcom,,,0.07000
Guinea,GIN,224,Guinea - Intercel,,,0.04500
Guinea,GIN,224,Guinea - Orange,,,0.14000
Guinea,GIN,224,Guinea - Sotelgui,,,0.06500
Guadeloupe,GLP,590,Guadeloupe-Orange,,,0.12000
Guadeloupe,GLP,590,Guadeloupe-Others,,,0.12000
Guadeloupe,GLP,590,Guadeloupe - Dauphin Telecom AMIGO,,,0.12000
Guadeloupe,GLP,590,Guadeloupe - UTS CARAIBES,,,0.01400
Gambia,GMB,220,Gambia - All,,,0.01700
Gambia,GMB,220,Gambia - Africell,,,0.01700
Gambia,GMB,220,Gambia - Comium,,,0.01700
Gambia,GMB,220,Gambia - Gamcel,,,0.07000
Gambia,GMB,220,Gambia - Qcell,,,0.03300
Guinea Bissau,GNB,245,Spacetel Guinea-Bissau,,,0.08000
Guinea Bissau,GNB,245,Orange Bissau,,,0.12000
Guinea Bissau,GNB,245,Guineatel,,,0.12000
Equatorial Guinea,GNQ,240,Equatorial Guinea - GETESA (Orange),,,0.07000
Equatorial Guinea,GNQ,240,Equatorial Guinea - HiTs G.E. S.A.,,,0.07000
Greece,GRC,30,Greece - AMD Telecom,,,0.05900
Greece,GRC,30,Greece - COSMOTE,,,0.05900
Greece,GRC,30,Greece - Vodafone,,,0.05900
Greece,GRC,30,Greece - WIND,,,0.05900
Greece,GRC,30,Greece - Default,,,0.05900
Grenada,GRD,1473,Grenada - Cable & Wireless (Grenada),,,0.03750
Greenland,GRL,299,Greenland-Others,,,0.01200
Greenland,GRL,299,Greenland - TELE Greenland,,,0.01200
Guatemala,GTM,502,Guatemala-Others,,,0.04500
Guatemala,GTM,502,Guatemala - Comunicaciones Celulares (COMCEL) (Tigo),,,0.03800
Guatemala,GTM,502,Guatemala - Telecomunicaciones de Guatemala (Claro),,,0.04900
Guatemala,GTM,502,Guatemala - Telefonica Moviles Guatemala (movistar),,,0.04200
French Guiana,GUF,594,French Guiana - Digicel,,,0.14000
French Guiana,GUF,594,French Guiana - Orange Caraibe Mobiles,,,0.14000
French Guiana,GUF,594,French Guiana - Outremer Telecom,,,0.14000
Guam,GUM,1671,Guam-GTA,,,0.04300
Guam,GUM,1671,Guam - IT\&E Wireless (PTI Pacifica Inc.),,,0.04300
Guam,GUM,1671,Guam-Others,,,0.04300
Guam,GUM,1671,Guam - mPulse Mobile,,,0.04300
Guyana,GUY,592,Guyana-Cellink,,,0.05200
Guyana,GUY,592,Guyana - Digicel,,,0.05200
Guyana,GUY,592,Guyana - Guyana Telephone & Telegraph (Cellink),,,0.05200
Hong Kong,HKG,852,Hong Kong-PCCW Mobile,,,0.05800
Hong Kong,HKG,852,Hong Kong-Others,,,0.05800
Hong Kong,HKG,852,Hong Kong - CITIC Telecom 1616,,,0.06600
Hong Kong,HKG,852,Hong Kong - CSL,,,0.05800
Hong Kong,HKG,852,Hong Kong - China Mobile Hong Kong Co,,,0.05800
Hong Kong,HKG,852,Hong Kong - China Motion Telecom (HK),,,0.06600
Hong Kong,HKG,852,Hong Kong - China Unicom (Hong Kong) Operations,,,0.06600
Hong Kong,HKG,852,Hong Kong - China-Hongkong Telecom,,,0.06600
Hong Kong,HKG,852,Hong Kong - Hong Kong Telecommunications (HKT),,,0.05800
Hong Kong,HKG,852,Hong Kong - Hutchison,,,0.05800
Hong Kong,HKG,852,Hong Kong - SmarTone Mobile Communications,,,0.05800
Hong Kong,HKG,852,Hong Kong - Truphone Hong Kong,,,0.05800
Honduras,HND,504,Honduras - Digicel Honduras,,,0.04200
Honduras,HND,504,Honduras - Hondutel (Empresa Hondurena de Telecomunicaciones),,,0.04200
Honduras,HND,504,Honduras - Sercom (Claro),,,0.04200
Honduras,HND,504,Honduras - Telefonica Celular S.A (CELTEL) (Tigo),,,0.04200
Honduras,HND,504,Honduras - Default,,,0.04200
Croatia,HRV,385,Croatia-Croatia,,,0.05500
Croatia,HRV,385,Croatia - Hrvatski Telekom (HT),,,0.05500
Croatia,HRV,385,Croatia - Tele2,,,0.05500
Croatia,HRV,385,Croatia - VIPNet,,,0.05500
Haiti,HTI,509,Haiti - NATCOM (National Telecom S.A.),,,0.03000
Haiti,HTI,509,Haiti - Comcel/Voila,,,0.07000
Haiti,HTI,509,Haiti - Haiti Telecommunication (HAITEL),,,0.07200
Haiti,HTI,509,Haiti - Unigestion Holding (Digicel),,,0.02847
Hungary,HUN,36,Hungary-T-Mobile,,,0.10500
Hungary,HUN,36,Hungary - Magyar Telekom,,,0.10500
Hungary,HUN,36,Hungary - Telenor Magyarorszag,,,0.09500
Hungary,HUN,36,Hungary - UPC Magyarorszag,,,0.08850
Hungary,HUN,36,Hungary - Vodafone Magyarorszag,,,0.08850
Hungary,HUN,36,Hungary - Others,,,0.09500
Indonesia,IDN,62,Indonesia Others,,,0.04600
Indonesia,IDN,62,Indonesia - PT Bakrie Telecom (Telco Asia),,,0.07000
Indonesia,IDN,62,Indonesia - PT Hutchison CP Telecom,,,0.07000
Indonesia,IDN,62,Indonesia - PT INDOSAT Tbk,,,0.04600
Indonesia,IDN,62,Indonesia - PT Smart Telecom,,,0.05700
Indonesia,IDN,62,Indonesia - PT XL Axiata,,,0.05700
Indonesia,IDN,62,Indonesia - PT. Telekomunikasi Selular (Telkomsel),,,0.07200
Indonesia,IDN,62,Indonesia - PT.Natrindo Telepon Seluler,,,0.05700
Isle of Man,IMN,44,Isle of Man - All Networks,,,0.03500
India,IND,91,India All,,,0.01060
India,IND,91,India - Bharat Sanchar Nigam Ltd (BSNL),,,0.01060
India,IND,91,India - Bharti Airtel Ltd,,,0.01060
India,IND,91,India - HFCL Connect (Ping),,,0.01060
India,IND,91,India - Loop Telecom Ltd,,,0.01060
India,IND,91,India - Mahanagar Telephone Nigam Ltd (MTNL),,,0.01060
India,IND,91,India - Reliance Telecom Pvt Ltd,,,0.01060
India,IND,91,India - S. Tel Ltd.,,,0.01060
India,IND,91,India - Sistema Shyam TeleServices (MTS),,,0.01060
India,IND,91,India - TATA Indicom  / DOCOMO (Virgin Mobile),,,0.01060
India,IND,91,India - Videocon Telecom,,,0.01060
India,IND,91,SISTEMA Shayam Teleservices - Rajasthan,,,0.01060
India,IND,91,Reliance - West Bengal,,,0.01060
India,IND,91,Vodafone - Karnataka,,,0.01060
India,IND,91,Bharti Airtel - Mumbai,,,0.01060
India,IND,91,Vodafone - Haryana,,,0.01060
India,IND,91,Bharti Airtel - Punjab,,,0.01060
India,IND,91,Bharti Airtel - Himachal Pradesh,,,0.01060
India,IND,91,IDEA - Delhi,,,0.01060
India,IND,91,Vodafone - Gujarat,,,0.01060
India,IND,91,IDEA - Andhra Pradesh,,,0.01060
India,IND,91,Reliance - Assam,,,0.01060
India,IND,91,Bharti Airtel - Delhi,,,0.01060
India,IND,91,Vodafone - Delhi,,,0.01060
India,IND,91,IDEA - Haryana,,,0.01060
India,IND,91,Vodafone - Andhra Pradesh,,,0.01060
India,IND,91,IDEA - Punjab,,,0.01060
India,IND,91,Vodafone - Uttar Pradesh East,,,0.01060
India,IND,91,Bharti Airtel - North East,,,0.01060
India,IND,91,Aircel - West Bengal,,,0.01060
India,IND,91,Reliance - Himachal Pradesh,,,0.01060
India,IND,91,IDEA - Kerala,,,0.01060
India,IND,91,Vodafone - Mumbai,,,0.01060
India,IND,91,Loop Mobile - Mumbai,,,0.01060
India,IND,91,IDEA - Maharashtra,,,0.01060
India,IND,91,IDEA - Gujarat,,,0.01060
India,IND,91,Aircel - Bihar & Jharkhand,,,0.01060
India,IND,91,Vodafone - Maharashtra & Goa,,,0.01060
India,IND,91,Aircel - Orissa,,,0.01060
India,IND,91,Aircel - Assam,,,0.01060
India,IND,91,Vodafone - Kolkata,,,0.01060
India,IND,91,Bharti Airtel - Kolkata,,,0.01060
India,IND,91,Aircel - North East,,,0.01060
India,IND,91,BSNL - Haryana,,,0.01060
India,IND,91,Aircel - Himachal Pradesh,,,0.01060
India,IND,91,Reliance - Bahir & Jharkhand,,,0.01060
India,IND,91,Aircel - Jammu & Kashmir,,,0.01060
India,IND,91,BSNL - Assam,,,0.01060
India,IND,91,Bharti Airtel - Chennai,,,0.01060
India,IND,91,Aircel - Chennai,,,0.01060
India,IND,91,Aircel - Tamil Nadu,,,0.01060
India,IND,91,Vodafone - Tamil Nadu,,,0.01060
India,IND,91,IDEA - Karnataka,,,0.01060
India,IND,91,Bharti Airtel - Karnataka,,,0.01060
India,IND,91,Vodafone - Kerala,,,0.01060
India,IND,91,Bharti Airtel - Andhra Pradesh,,,0.01060
India,IND,91,Reliance - North East,,,0.01060
India,IND,91,BSNL - Himachal Pradesh,,,0.01060
India,IND,91,Reliance - Orissa,,,0.01060
India,IND,91,BSNL - Punjab,,,0.01060
India,IND,91,BSNL - Uttar Pradesh West,,,0.01060
India,IND,91,BSNL - Uttar Pradesh East,,,0.01060
India,IND,91,IDEA - Uttar Pradesh West,,,0.01060
India,IND,91,BSNL - Gujarat,,,0.01060
India,IND,91,BSNL - Madhya Pradesh & Chattisgarh,,,0.01060
India,IND,91,BSNL - Rajasthan,,,0.01060
India,IND,91,Vodafone - Rajasthan,,,0.01060
India,IND,91,BSNL - Jammu & Kashmir,,,0.01060
India,IND,91,BSNL - Chennai,,,0.01060
India,IND,91,BSNL - Maharashtra & Goa,,,0.01060
India,IND,91,Reliance - Madhya Pradesh & Chattisgarh,,,0.01060
India,IND,91,MTNL Dolphin - Delhi,,,0.01060
India,IND,91,MTNL Dolphin - Mumbai,,,0.01060
India,IND,91,Bharti Airtel - Rajasthan,,,0.01060
India,IND,91,BSNL - Karnataka,,,0.01060
India,IND,91,BSNL- Kerala,,,0.01060
India,IND,91,BSNL - Andhra Pradesh,,,0.01060
India,IND,91,BSNL - West Bengal,,,0.01060
India,IND,91,BSNL - Bihar,,,0.01060
India,IND,91,BSNL - Orissa,,,0.01060
India,IND,91,BSNL - North East,,,0.01060
India,IND,91,IDEA - Madhya Pradesh,,,0.01060
India,IND,91,BSNL - Tamil Nadu,,,0.01060
India,IND,91,BSNL - Kolkata,,,0.01060
India,IND,91,IDEA - Himachal Pradesh,,,0.01060
India,IND,91,Vodafone - Chennai,,,0.01060
India,IND,91,IDEA - Rajasthan,,,0.01060
India,IND,91,Vodafone - Punjab,,,0.01060
India,IND,91,IDEA - Uttar Pradesh East,,,0.01060
India,IND,91,Bharti Airtel - Maharashtra & Goa,,,0.01060
India,IND,91,Aircel - Kolkata,,,0.01060
India,IND,91,Bharti Airtel - Madhya Pradesh,,,0.01060
India,IND,91,Bharti Airtel - Tamil Nadu,,,0.01060
India,IND,91,Bharti Airtel - Kerala,,,0.01060
India,IND,91,Bharti Airtel - Haryana,,,0.01060
India,IND,91,Bharti Airtel - Uttar Pradesh West,,,0.01060
India,IND,91,Bharti Airtel - Gujarat,,,0.01060
India,IND,91,Reliance - Andhra Pradesh,,,0.01060
India,IND,91,TATA Docomo - Andhra Pradesh,,,0.01060
India,IND,91,TATA Docomo - Bihar & Jharkhand,,,0.01060
India,IND,91,TATA Docomo - Delhi,,,0.01060
India,IND,91,Reliance - CDMA - Bihar & Jharkhand,,,0.01060
India,IND,91,TATA Docomo - Gujarat,,,0.01060
India,IND,91,TATA Docomo - Haryana,,,0.01060
India,IND,91,TATA Docomo - Himachal Pradesh,,,0.01060
India,IND,91,TATA Docomo - Karnataka,,,0.01060
India,IND,91,TATA Docomo - Kerala,,,0.01060
India,IND,91,TATA Docomo - Kolkata,,,0.01060
India,IND,91,TATA Docomo - Maharashtra & Goa,,,0.01060
India,IND,91,TATA Docomo - Madhya Pradesh,,,0.01060
India,IND,91,TATA Docomo Mumbai,,,0.01060
India,IND,91,TATA Docomo - Orissa,,,0.01060
India,IND,91,TATA Docomo - Punjab,,,0.01060
India,IND,91,TATA Docomo - Rajasthan,,,0.01060
India,IND,91,TATA Docomo - Tamil Nadu,,,0.01060
India,IND,91,TATA Docomo - Uttar Pradesh East,,,0.01060
India,IND,91,TATA Docomo - Uttar Pradesh West,,,0.01060
India,IND,91,TATA Docomo - RO WB,,,0.01060
India,IND,91,Reliance - Delhi,,,0.01060
India,IND,91,Reliance - Gujarat,,,0.01060
India,IND,91,Reliance - Haryana,,,0.01060
India,IND,91,Reliance - Jammu & Kashmir,,,0.01060
India,IND,91,Reliance - Karnataka,,,0.01060
India,IND,91,Reliance - Kerala,,,0.01060
India,IND,91,Reliance - Maharashtra & Goa,,,0.01060
India,IND,91,Reliance - Mumbai,,,0.01060
India,IND,91,Reliance - Rajashan,,,0.01060
India,IND,91,Reliance - Tamil Nadu,,,0.01060
India,IND,91,Reliance - Uttar Pradesh East,,,0.01060
India,IND,91,Reliance - Uttar Pradesh West,,,0.01060
India,IND,91,Bharti Airtel - Bihar Jharkhand,,,0.01060
India,IND,91,Vodafone - Uttar Pradesh West,,,0.01060
India,IND,91,Vodafone - West Bengal,,,0.01060
India,IND,91,IDEA - Bihar & Jharkhand,,,0.01060
India,IND,91,Vodafone - Jammu & Kashmir,,,0.01060
India,IND,91,Vodafone - Assam,,,0.01060
India,IND,91,Vodafone - Bihar & Jharkhand,,,0.01060
India,IND,91,Vodafone - Orissa,,,0.01060
India,IND,91,Vodafone - Himachal Pradesh,,,0.01060
India,IND,91,Vodafone - North East,,,0.01060
India,IND,91,Vodafone - Madhya  & Chattisgarh,,,0.01060
India,IND,91,IDEA - Mumbai,,,0.01060
India,IND,91,Aircel - Delhi,,,0.01060
India,IND,91,Aircel - Andhra Pradesh,,,0.01060
India,IND,91,Aircel - Gujarat,,,0.01060
India,IND,91,Aircel - Karnataka,,,0.01060
India,IND,91,Aircel - Maharashtra,,,0.01060
India,IND,91,Aircel - Mumbai,,,0.01060
India,IND,91,Aircel - Rajasthan,,,0.01060
India,IND,91,Aircel - Haryana,,,0.01060
India,IND,91,Aircel - Madhya Pradesh,,,0.01060
India,IND,91,Aircel - Kerala,,,0.01060
India,IND,91,Aircel - Uttar Pradesh East,,,0.01060
India,IND,91,Aircel - Uttar Pradesh West,,,0.01060
India,IND,91,Aircel - Punjab,,,0.01060
India,IND,91,Uninor - Haryana,,,0.01060
India,IND,91,Uninor - Himachal Pradesh,,,0.01060
India,IND,91,Uninor - Jammu & Kashmir,,,0.01060
India,IND,91,Uninor - Punjab,,,0.01060
India,IND,91,Uninor - Rajasthan,,,0.01060
India,IND,91,Uninor - Uttar Pradesh & Uttaran,,,0.01060
India,IND,91,Uninor - Andhra Pradesh,,,0.01060
India,IND,91,Uninor - Karnataka,,,0.01060
India,IND,91,Uninor - Kerala,,,0.01060
India,IND,91,Uninor - Kolkata,,,0.01060
India,IND,91,DSPL - Andhra Pradesh,,,0.01060
India,IND,91,DSPL - Assam,,,0.01060
India,IND,91,DSPL - Bihar,,,0.01060
India,IND,91,DSPL - Delhi,,,0.01060
India,IND,91,DSPL - Gujarat,,,0.01060
India,IND,91,DSPL - Haryana,,,0.01060
India,IND,91,DSPL - Himachal Pradesh,,,0.01060
India,IND,91,DSPL - Jammu & Kashmir,,,0.01060
India,IND,91,DSPL - Karnataka,,,0.01060
India,IND,91,DSPL - Kerala,,,0.01060
India,IND,91,DSPL - Kolkata,,,0.01060
India,IND,91,DSPL - Madhya Pradesh,,,0.01060
India,IND,91,DSPL - Maharashtra,,,0.01060
India,IND,91,DSPL - Mumbai,,,0.01060
India,IND,91,DSPL - North East,,,0.01060
India,IND,91,DSPL - Orissa,,,0.01060
India,IND,91,DSPL - Rajasthan,,,0.01060
India,IND,91,DSPL - Tamil Nadu & Chennai,,,0.01060
India,IND,91,DSPL - Uttar Pradesh East,,,0.01060
India,IND,91,DSPL - Uttar Pradesh West,,,0.01060
India,IND,91,DSPL - West Bengal,,,0.01060
India,IND,91,Uninor - Delhi,,,0.01060
India,IND,91,IDEA - Assam,,,0.01060
India,IND,91,IDEA - Jammu & Kashmir,,,0.01060
India,IND,91,IDEA - Kolkata,,,0.01060
India,IND,91,IDEA - North East,,,0.01060
India,IND,91,IDEA - Orissa,,,0.01060
India,IND,91,IDEA - Tamil Nadu & Chennai,,,0.01060
India,IND,91,IDEA - West Bengal,,,0.01060
India,IND,91,Loop Mobile - Andhra Pradesh,,,0.01060
India,IND,91,Loop Mobile - Assam,,,0.01060
India,IND,91,Loop Mobile - Bihar & Jharkhand,,,0.01060
India,IND,91,Loop Mobile - Delhi,,,0.01060
India,IND,91,Loop Mobile - Gujarat,,,0.01060
India,IND,91,Loop Mobile - Haryana,,,0.01060
India,IND,91,Loop Mobile - Himachal Pradesh,,,0.01060
India,IND,91,Loop Mobile - Jammu & Kashmir,,,0.01060
India,IND,91,Loop Mobile - Karnataka,,,0.01060
India,IND,91,Loop Mobile - Kerala,,,0.01060
India,IND,91,Loop Mobile - West Bengal,,,0.01060
India,IND,91,Loop Mobile - Madhya Pradesh & Chattisgarh,,,0.01060
India,IND,91,Loop Mobile - Maharashrta & Goa,,,0.01060
India,IND,91,Loop Mobile - North East,,,0.01060
India,IND,91,Loop Mobile - Orissa,,,0.01060
India,IND,91,Loop Mobile - Punjab,,,0.01060
India,IND,91,Loop Mobile - Rajasthan,,,0.01060
India,IND,91,Loop Mobile - Tamil Nadu,,,0.01060
India,IND,91,Loop Mobile - Uttar Pradesh East,,,0.01060
India,IND,91,Loop Mobile - Uttar Pradesh West,,,0.01060
India,IND,91,Uninor - Assam,,,0.01060
India,IND,91,Uninor - Bihar & Jharkhand,,,0.01060
India,IND,91,Uninor - North East,,,0.01060
India,IND,91,Uninor - Orissa,,,0.01060
India,IND,91,Uninor - Uttar Pradesh East,,,0.01060
India,IND,91,Uninor - West Bengal & Andaman Nikobar,,,0.01060
India,IND,91,S. Tel - Assam,,,0.01060
India,IND,91,S. Tel - Bihar,,,0.01060
India,IND,91,S. Tel - Himachal Pradesh,,,0.01060
India,IND,91,S. Tel - Nesa,,,0.01060
India,IND,91,S. Tel - Orissa,,,0.01060
India,IND,91,SISTEMA Shyam Teleservices - Andhra Pradesh,,,0.01060
India,IND,91,SISTEMA Shyam Teleservices - Assam,,,0.01060
India,IND,91,SISTEMA Shyam Teleservices - Bihar,,,0.01060
India,IND,91,SISTEMA Shyam Teleservices - Delhi,,,0.01060
India,IND,91,SISTEMA Shayam Teleservices - Gujarat,,,0.01060
India,IND,91,SISTEMA Shayam Teleservices - Haryana,,,0.01060
India,IND,91,SISTEMA Shayam Teleservices - Himachal Pradesh,,,0.01060
India,IND,91,SISTEMA Shayam Teleservices - Jammu & Kashmir,,,0.01060
India,IND,91,SISTEMA Shayam Teleservices - Karnataka,,,0.01060
India,IND,91,SISTEMA Shayam Teleservices - Kerala,,,0.01060
India,IND,91,SISTEMA Shayam Teleservices - Kolkata,,,0.01060
India,IND,91,SISTEMA Shayam Teleservices - Madhya Pradesh,,,0.01060
India,IND,91,SISTEMA Shayam Teleservices - Maharashtra,,,0.01060
India,IND,91,SISTEMA Shayam Teleservices - Mumbai,,,0.01060
India,IND,91,SISTEMA Shayam Teleservices - North East,,,0.01060
India,IND,91,SISTEMA Shayam Teleservices - Orissa,,,0.01060
India,IND,91,SISTEMA Shayam Teleservices - Punjab,,,0.01060
India,IND,91,SISTEMA Shayam Teleservices - Tamil Nadu & Chennai,,,0.01060
India,IND,91,SISTEMA Shayam Teleservices - Uttar Pradesh East,,,0.01060
India,IND,91,SISTEMA Shayam Teleservices - Uttar Pradesh West,,,0.01060
India,IND,91,SISTEMA Shayam Teleservices - West Bengal,,,0.01060
India,IND,91,Spice Mobility - Andhra Pradesh,,,0.01060
India,IND,91,Spice Mobility - Dehli,,,0.01060
India,IND,91,Spice Mobility - Haryana,,,0.01060
India,IND,91,Spice Mobility - Maharashtra & Goa,,,0.01060
India,IND,91,Etisalat - Andhra Pradesh,,,0.01060
India,IND,91,Etisalat - Delhi,,,0.01060
India,IND,91,Etisalat - Gujarat,,,0.01060
India,IND,91,Etisalat - Haryana,,,0.01060
India,IND,91,Etisalat - Karnataka,,,0.01060
India,IND,91,Etisalat - Kerala,,,0.01060
India,IND,91,Etisalat - Maharashtra,,,0.01060
India,IND,91,Etisalat - Mumbai,,,0.01060
India,IND,91,Etisalat - Punjab,,,0.01060
India,IND,91,Etisalat - Rajashan,,,0.01060
India,IND,91,Etisalat - Tamil Nadu & Chennai,,,0.01060
India,IND,91,Etisalat - Uttar Pradesh East,,,0.01060
India,IND,91,Etisalat - Uttar Pradesh West,,,0.01060
India,IND,91,Uninor - Tamil Nadu & Chennai,,,0.01060
India,IND,91,Uninor - Mumbai,,,0.01060
India,IND,91,Uninor - Gujarat,,,0.01060
India,IND,91,Uninor - Madhya Pradesh & Chattisgarh,,,0.01060
India,IND,91,Uninor - Maharashtra,,,0.01060
India,IND,91,Etisalat - Bahir,,,0.01060
India,IND,91,Etisalat - Madhya Pradesh,,,0.01060
Ireland,IRL,353,Ireland-Others,,,0.06900
Ireland,IRL,353,Ireland - Clever Communications Ltd,,,0.06900
Ireland,IRL,353,Ireland - Eircom,,,0.06900
Ireland,IRL,353,Ireland - Hutchison 3G Ireland Ltd,,,0.06900
Ireland,IRL,353,Ireland - Meteor Mobile Communications Ltd.,,,0.06900
Ireland,IRL,353,Ireland - O2 Communications (Ireland) Ltd.,,,0.06900
Ireland,IRL,353,Ireland - Vodafone Ireland plc,,,0.06900
Ireland,IRL,353,Liffey Telecom Ltd,,,0.06900
Ireland,IRL,353,Lycamobile Ireland Ltd,,,0.06900
Iran,IRN,98,"Iran, Islamic Republic Of-MTCE",,,0.03700
Iran,IRN,98,Iran - Irancell,,,0.05800
Iran,IRN,98,Iran - Mobile Communications Company of Iran (MCI),,,0.03700
Iran,IRN,98,Iran - Mobile Telecommunications Company of Esfahan (MTCE),,,0.06500
Iran,IRN,98,Iran - Talya,,,0.04500
Iran,IRN,98,Iran - Telecommunication Kish Co. (Kifzo),,,0.03700
Iran,IRN,98,Iran - Default,,,0.03700
Iraq,IRQ,964,Iraq - Al-Mazaya,,,0.10000
Iraq,IRQ,964,Iraq - Al-Nakheel,,,0.10000
Iraq,IRQ,964,Iraq - Al-Seraj,,,0.10000
Iraq,IRQ,964,Iraq - Al-Shams,,,0.10000
Iraq,IRQ,964,Iraq - Anwar Yagoot Al Khaleej,,,0.10000
Iraq,IRQ,964,Iraq - Asia Cell,,,0.10000
Iraq,IRQ,964,Iraq - Belad Babel,,,0.06000
Iraq,IRQ,964,Iraq - Emaar Al-Basrah,,,0.10000
Iraq,IRQ,964,Iraq - Furatfone,,,0.10000
Iraq,IRQ,964,Iraq - High Link,,,0.10000
Iraq,IRQ,964,Iraq - ITC Fanoos,,,0.10000
Iraq,IRQ,964,Iraq - ITPC,,,0.10000
Iraq,IRQ,964,Iraq - Iraq Central Cooperative Association for Communication and Transportation,,,0.10000
Iraq,IRQ,964,Iraq - IraqCell,,,0.10000
Iraq,IRQ,964,Iraq - IraqTel,,,0.10000
Iraq,IRQ,964,Iraq - Itisaluna,,,0.10000
Iraq,IRQ,964,Iraq - Kalimat,,,0.10000
Iraq,IRQ,964,Iraq - KorekTel,,,0.10000
Iraq,IRQ,964,Iraq - Mobitel,,,0.05500
Iraq,IRQ,964,Iraq - Sader Al-Iraq,,,0.10000
Iraq,IRQ,964,Iraq - Shally,,,0.10000
Iraq,IRQ,964,Iraq - ZAIN,,,0.10000
Iraq,IRQ,964,Iraq - Default,,,0.10000
Iceland,ISL,354,Iceland-Others,,,0.02500
Iceland,ISL,354,Iceland - Amitelo AG,,,0.02500
Iceland,ISL,354,Iceland - IMC Islande (Viking),,,0.02500
Iceland,ISL,354,Iceland - IceCell,,,0.02500
Iceland,ISL,354,Iceland - Nova,,,0.02500
Iceland,ISL,354,Iceland - Og fjarskipti  (Vodafone),,,0.02500
Iceland,ISL,354,Iceland - Siminn,,,0.05000
Israel,ISR,972,Israel All,,,0.02000
Israel,ISR,972,Israel - Cellcom,,,0.02000
Israel,ISR,972,Israel - Golan Telecom,,,0.02000
Israel,ISR,972,Israel - HOT Telecom,,,0.02000
Israel,ISR,972,Israel - Jawwal,,,0.13000
Israel,ISR,972,Israel - Partner Communications Co. Ltd (Orange),,,0.02000
Israel,ISR,972,Israel - Pelephone,,,0.02000
Israel,ISR,972,Israel - Wataniya Palestine,,,0.05000
Israel,ISR,972,Alon Cellular Ltd (Youphone)),,,0.02000
Israel,ISR,972,Home Cellular,,,0.02000
Israel,ISR,972,Rami Levi,,,0.02000
Italy,ITA,39,Italy - Others,,,0.06500
Italy,ITA,39,Italy - FASTWEB,,,0.06500
Italy,ITA,39,Italy - H3G,,,0.06500
Italy,ITA,39,Italy - Intermatica,,,0.06500
Italy,ITA,39,Italy - Lycamobile,,,0.06500
Italy,ITA,39,Italy - Noverca Italia,,,0.06500
Italy,ITA,39,Italy - Rete Ferroviaria Italiana (RFI),,,0.06500
Italy,ITA,39,Italy - TIM Italia,,,0.06500
Italy,ITA,39,Italy - Telespazio,,,0.06500
Italy,ITA,39,Italy - Vodafone,,,0.06500
Italy,ITA,39,Italy - Wind Telecomunicazioni,,,0.06500
Italy,ITA,39,Poste Italiane,,,0.06500
Jamaica,JAM,1876,Jamaica-Digicel,,,0.04500
Jamaica,JAM,1876,Jamaica-LIME,,,0.04500
Jamaica,JAM,1876,Jamaica-Other,,,0.04500
Jamaica,JAM,1876,Jamaica - Cable & Wireless (Jamaica),,,0.04500
Jordan,JOR,962,Jordan-Xpress,,,0.07500
Jordan,JOR,962,Jordan - Petra Joranian Mobile Telecommunications Co,,,0.12000
Jordan,JOR,962,Jordan - Umniah,,,0.10000
Jordan,JOR,962,Jordan - Zain,,,0.10000
Jordan,JOR,962,Jordan - Default,,,0.07500
Japan,JPN,81,Japan-eMobile,,,0.07500
Japan,JPN,81,Japan-Others,,,0.07500
Japan,JPN,81,Japan - KDDI,,,0.07500
Japan,JPN,81,Japan - NTT DoCoMo,,,0.07500
Japan,JPN,81,Japan - Okinawa Cellular,,,0.07500
Japan,JPN,81,Japan - Softbank Mobile (SBM),,,0.07500
Japan,JPN,81,"Japan - Ymobile (AKA eAccess, Willcom)",,,0.08000
Kazakhistan,KAZ,7,Beeline (K-mobile),,,0.12000
Kazakhistan,KAZ,7,K-Cell,,,0.06200
Kazakhistan,KAZ,7,Altel (Dalacom),,,0.12000
Kazakhistan,KAZ,7,Kazakhtelecom,,,0.12000
Kazakhistan,KAZ,7,Kazakhistan-others,,,0.12000
Kenya,KEN,254,Kenya-Econet,,,0.04500
Kenya,KEN,254,Kenya-Other,,,0.04500
Kenya,KEN,254,Kenya - Airtel,,,0.09000
Kenya,KEN,254,Kenya - Essar Telecom Kenya,,,0.06000
Kenya,KEN,254,Kenya - Safaricom (GSM),,,0.06000
Kenya,KEN,254,Kenya - Telkom Kenya Ltd (Orange),,,0.04500
Kyrgyzstan,KGZ,996,Kyrgyzstan-Fonex,,,0.05800
Kyrgyzstan,KGZ,996,Kyrgyzstan-Others,,,0.05800
Kyrgyzstan,KGZ,996,Bitel,,,0.04400
Kyrgyzstan,KGZ,996,BiMoCom (Megacom),,,0.07500
Kyrgyzstan,KGZ,996,Nur Telecom,,,0.08000
Cambodia,KHM,855,Cambodia-Others,,,0.06000
Cambodia,KHM,855,Cambodia - Applifone Co Ltd (StarCell),,,0.07500
Cambodia,KHM,855,Cambodia - Cad Com / TrueMove,,,0.07300
Cambodia,KHM,855,Cambodia - Camshin,,,0.06000
Cambodia,KHM,855,Cambodia - Camtel,,,0.06000
Cambodia,KHM,855,Cambodia - Hello Axiata Co Ltd (NMT),,,0.07500
Cambodia,KHM,855,Cambodia - Latelz Co Ltd (Smart Mobile),,,0.07500
Cambodia,KHM,855,Cambodia - Metfone,,,0.06000
Cambodia,KHM,855,Cambodia - Mobitel,,,0.06000
Cambodia,KHM,855,Cambodia - Sotelco,,,0.06000
Kiribati,KIR,686,Kiribati - All Networks,,,0.06500
Saint Kitts And Nevis,KNA,1869,Saint Kitts and Nevis-LIME,,,0.05500
Saint Kitts And Nevis,KNA,1869,Saint Kitts and Nevis-Others,,,0.04500
Saint Kitts And Nevis,KNA,1869,Cable & Wireless,,,0.05500
Saint Kitts And Nevis,KNA,1869,UTS CariGlobe,,,0.03500
South Korea,KOR,82,South Korea - All Networks,,,0.03500
Kuwait,KWT,965,Kuwait - Kuwait Telecom Company,,,0.06000
Kuwait,KWT,965,Kuwait - Ooredoo,,,0.06000
Kuwait,KWT,965,Kuwait - Zain / Mobile Telecommunication Company (MTC),,,0.06000
Laos,LAO,856,LAO PEOPLE'S DEMOCRATIC REPUBLIC-Others,,,0.02200
Laos,LAO,856,Laos - Entreprise d'Etat des Postes et Telecommunications Lao (ETL),,,0.05000
Laos,LAO,856,Laos - Lao Telecom,,,0.02200
Laos,LAO,856,Laos - Millicom Lao Co (Tigo),,,0.02200
Laos,LAO,856,Laos - Star Telecom Company Ltd (STL),,,0.03300
Lebanon,LBN,961,Lebanon-Others,,,0.03200
Lebanon,LBN,961,Lebanon - Alfa,,,0.03200
Lebanon,LBN,961,Lebanon - MTC Touch,,,0.03200
Liberia,LBR,231,Liberia-Others,,,0.06400
Liberia,LBR,231,Liberia - Cellcom,,,0.06400
Liberia,LBR,231,Liberia - Comium Liberia,,,0.06400
Liberia,LBR,231,Liberia - Libercell,,,0.06400
Liberia,LBR,231,Liberia - Lonestar Communications Corp.,,,0.07000
Libya,LBY,218,Libya - Al-Madar (Orbit),,,0.03000
Libya,LBY,218,Libya - Libyana,,,0.09700
Saint Lucia,LCA,1758,Saint Lucia-Others,,,0.01600
Saint Lucia,LCA,1758,Saint Lucia - Cable & Wireless (LIME),,,0.03600
Liechtenstein,LIE,423,Liechtenstein-Others,,,0.02700
Liechtenstein,LIE,423,Liechtenstein - Cubic Corporation,,,0.02700
Liechtenstein,LIE,423,Liechtenstein - First Mobile,,,0.02700
Liechtenstein,LIE,423,Liechtenstein - Mobilkom Liechtenstein,,,0.02700
Liechtenstein,LIE,423,Liechtenstein - Orange (Liechtenstein),,,0.02700
Liechtenstein,LIE,423,Liechtenstein - Swisscom (Schweiz),,,0.03000
Sri Lanka,LKA,94,Sri Lanka - Bharti Airtel Lanka (Pvt) Ltd,,,0.09700
Sri Lanka,LKA,94,Sri Lanka - Etisalat,,,0.09500
Sri Lanka,LKA,94,Sri Lanka - Dialog Axiata,,,0.11000
Sri Lanka,LKA,94,Sri Lanka - Hutchison,,,0.07500
Sri Lanka,LKA,94,Sri Lanka - Mobitel (Pvt) Limited,,,0.09500
Sri Lanka,LKA,94,Sri Lanka - Other Networks,,,0.09500
Lesotho,LSO,266,Lesotho - Econet Telecom (Ezi Cel Lesotho),,,0.03330
Lesotho,LSO,266,Lesotho - Vodacom,,,0.03330
Lithuania,LTU,370,Lithuania-BITE,,,0.04000
Lithuania,LTU,370,Lithuania - UAB Omnitel,,,0.04000
Lithuania,LTU,370,Lithuania - UAB Tele2,,,0.04500
Luxembourg,LUX,352,Luxembourg - Orange Business Luxembourg,,,0.02450
Luxembourg,LUX,352,Luxembourg - P & T Luxembourg (LuxGSM),,,0.05250
Luxembourg,LUX,352,Luxembourg - TANGO,,,0.07700
Latvia,LVA,371,Latvia-Others,,,0.06400
Latvia,LVA,371,Latvia - BITE Latvija,,,0.06400
Latvia,LVA,371,Latvia - Latvijas Mobilais Telefons (LMT),,,0.06400
Latvia,LVA,371,Latvia - Rigatta,,,0.06400
Latvia,LVA,371,Latvia - Tele2,,,0.06400
Latvia,LVA,371,Latvia - Telekom Baltija (TRIATEL),,,0.06400
Latvia,LVA,371,IZZI,,,0.06400
Macao,MAC,853,SmarTone,,,0.04800
Macao,MAC,853,Companhia de Telecommunicacios de Macua (CTM) (02),,,0.04800
Macao,MAC,853,China Telecom,,,0.04800
Macao,MAC,853,Hutchison Telecom (02),,,0.03750
Saint Martin,MAF,1599,Saint Martin - All Networks,,,0.04000
Morocco,MAR,212,Morocco - Others,,,0.05700
Morocco,MAR,212,Morocco - Itissalat Al-Maghrib,,,0.06200
Morocco,MAR,212,Morocco - Medi Telecom,,,0.05700
Morocco,MAR,212,Morocco - Wana (Maroc Connect),,,0.08300
Monaco,MCO,377,Monaco-Others,,,0.10000
Monaco,MCO,377,Monaco - Monaco Telecom,,,0.10000
Moldova,MDA,373,"Moldova, Republic Of-IDC",,,0.06000
Moldova,MDA,373,"Moldova, Republic Of-Unite",,,0.06000
Moldova,MDA,373,Moldova - Eventis Mobile,,,0.06000
Moldova,MDA,373,Moldova - MoldCell,,,0.06000
Moldova,MDA,373,Moldova - Moldtelecom,,,0.06000
Moldova,MDA,373,Moldova - Orange Moldova,,,0.06000
Madagascar,MDG,261,Madagascar - Orange Madagascar,,,0.02600
Madagascar,MDG,261,Madagascar - Sacel,,,0.02600
Madagascar,MDG,261,Madagascar - Telecom Malagasy,,,0.02600
Madagascar,MDG,261,Madagascar - ZAIN Madagascar,,,0.02600
Maldives,MDV,960,Maldives - Dhiraagu,,,0.02000
Maldives,MDV,960,Maldives - Wmobile (Wataniya Telecom),,,0.02000
Mexico,MEX,52,Mexico Other Networks,,,0.04750
Mexico,MEX,52,Mexico-Telcel,,,0.04750
Mexico,MEX,52,Mexico - America Movil,,,0.04750
Mexico,MEX,52,Mexico - Iusacell,,,0.04750
Mexico,MEX,52,Mexico - Movistar,,,0.04900
Mexico,MEX,52,Mexico - NII Digital (Nextel),,,0.04750
Macedonia,MKD,389,Macedonia - ONE (Cosmofon),,,0.04200
Macedonia,MKD,389,Macedonia - T-Mobile,,,0.08000
Macedonia,MKD,389,Macedonia - VIP Operator,,,0.08000
Macedonia,MKD,389,Macedonia - Default,,,0.08000
Mali,MLI,223,Mali-Others,,,0.12000
Mali,MLI,223,Mali - Malitel (Sotelma),,,0.12000
Mali,MLI,223,Mali - Orange Mali,,,0.12000
Malta,MLT,356,Malta - Others,,,0.01500
Malta,MLT,356,Malta-GO,,,0.01500
Malta,MLT,356,Malta - Melita,,,0.01500
Malta,MLT,356,Malta - Mobisle Communications Limited,,,0.01500
Malta,MLT,356,Malta - Vodafone Malta,,,0.04300
Myanmar,MMR,95,Myanmar - Myanmar Posts and Telecommunications (MPT),,,0.11000
Myanmar,MMR,95,Myanmar - Ooredoo Myanmar Limited,,,0.11000
Myanmar,MMR,95,Myanmar - Telenor Myanmar Company Limited,,,0.11000
Montenegro,MNE,382,Montenegro-Telenor,,,0.02200
Montenegro,MNE,382,Montenegro - MTEL,,,0.04000
Montenegro,MNE,382,Montenegro - ProMonte,,,0.02200
Montenegro,MNE,382,Montenegro - T-Mobile,,,0.02200
Mongolia,MNG,976,Mongolia-Others,,,0.03500
Mongolia,MNG,976,Mongolia - G mobile net Co. Ltd,,,0.03500
Mongolia,MNG,976,Mongolia - MobiCom,,,0.06700
Mongolia,MNG,976,Mongolia - Skytel,,,0.10000
Mongolia,MNG,976,Mongolia - Unitel,,,0.07400
Northern Mariana Islands,MNP,1670,Northern Mariana Islands - All Networks,,,0.03500
Mozambique,MOZ,258,Mozambique-Others,,,0.02000
Mozambique,MOZ,258,Mozambique - Mcel,,,0.02000
Mozambique,MOZ,258,Mozambique - Movitel S.A.,,,0.03500
Mozambique,MOZ,258,Mozambique - Vodacom,,,0.04000
Mauritania,MRT,222,Mauritania - Chinguitel,,,0.07700
Mauritania,MRT,222,Mauritania - Mattel,,,0.06500
Mauritania,MRT,222,Mauritania - Mauritel,,,0.06500
Montserrat,MSR,1664,Montserrat-Others,,,0.01000
Montserrat,MSR,1664,Montserrat - Cable & Wireless (LIME),,,0.01500
Martinique,MTQ,596,Martinique - Digicel Antilles Francaises Guyane,,,0.00880
Martinique,MTQ,596,Martinique - MARTINIQUE TELEPHONE MOBILE,,,0.00880
Martinique,MTQ,596,Martinique - Orange Caraibe Mobiles,,,0.06500
Martinique,MTQ,596,Martinique - Outremer Telecom,,,0.02500
Mauritius,MUS,230,Mauritius-Orange,,,0.14000
Mauritius,MUS,230,Mauritius-Others,,,0.14000
Mauritius,MUS,230,Mauritius - Cell Plus,,,0.14000
Mauritius,MUS,230,Mauritius - Emtel,,,0.02700
Mauritius,MUS,230,Mauritius - Mahanagar Telephone Mauritius Ltd. (MTML),,,0.14000
Malawi,MWI,265,Malawi - CelTel,,,0.09000
Malawi,MWI,265,Malawi - Telekom Networks Malawi Ltd.,,,0.05000
Malaysia,MYS,60,Malaysia - Celcom,,,0.05500
Malaysia,MYS,60,Malaysia - Maxis,,,0.05200
Malaysia,MYS,60,Malaysia - Other,,,0.04900
Malaysia,MYS,60,Malaysia - U Mobile,,,0.04900
Malaysia,MYS,60,Malaysia - Baraka Telecom Sdn Bhd,,,0.04900
Malaysia,MYS,60,Malaysia - DiGi Telecom,,,0.04900
Malaysia,MYS,60,Malaysia - Packet One Network Sdn Bhd,,,0.04900
Malaysia,MYS,60,Malaysia - Samata Communications,,,0.04900
Malaysia,MYS,60,Malaysia - Talk Focus,,,0.04900
Malaysia,MYS,60,Malaysia - Telekom Malaysia Berhad,,,0.04900
Malaysia,MYS,60,Malaysia - YTL Communications Sdn Bhd,,,0.04900
Malaysia,MYS,60,Tune Talk Sdn Bhd,,,0.04900
Namibia,NAM,264,Namibia - Mobile Telecommunications (MTC),,,0.05000
Namibia,NAM,264,Namibia - Orascom Telecom Holding (Leo),,,0.03500
Namibia,NAM,264,Namibia - Telecom Namibia,,,0.06500
New Caledonia,NCL,687,New Caledonia-Others,,,0.02500
New Caledonia,NCL,687,New Caledonia - OPT New Caledonia Mobilis,,,0.13000
Niger,NER,227,Niger - Airtel Niger,,,0.09000
Niger,NER,227,Niger - Moov (Telecel),,,0.03650
Niger,NER,227,Niger - Orange,,,0.10000
Niger,NER,227,Niger - Sahelcom,,,0.07000
Norfolk Island,NFK,,Norfolk Island - All Networks,,,0.04000
Nigeria,NGA,234,Nigeria - Other,,,0.02200
Nigeria,NGA,234,Nigeria-Starcomms,,,0.02200
Nigeria,NGA,234,Nigeria-Visafone,,,0.02200
Nigeria,NGA,234,Nigeria - Airtel Nigeria,,,0.10500
Nigeria,NGA,234,Nigeria - EMST Etisalat,,,0.10500
Nigeria,NGA,234,Nigeria - Globacom Ltd,,,0.10500
Nigeria,NGA,234,Nigeria - MTN,,,0.10500
Nigeria,NGA,234,Nigeria - Multi-links Telecommunications Ltd,,,0.02200
Nigeria,NGA,234,Nigeria - NITEL,,,0.02200
Nigeria,NGA,234,Nigeria - Visafone Communications Ltd,,,0.02200
Nicaragua,NIC,505,Nicaragua - Claro,,,0.07200
Nicaragua,NIC,505,Nicaragua - Movistar,,,0.03600
Niue,NIU,683,Niue - All Networks,,,0.06500
Netherlands,NLD,31,Netherlands-Others,,,0.09100
Netherlands,NLD,31,Netherlands - AT&T Global Network Services Nederland,,,0.09100
Netherlands,NLD,31,Netherlands - Elephant Talk,,,0.09100
Netherlands,NLD,31,Netherlands - KPN,,,0.09100
Netherlands,NLD,31,Netherlands - KPN - Telfort Mobile,,,0.09100
Netherlands,NLD,31,Netherlands - Lancelot,,,0.09100
Netherlands,NLD,31,Netherlands - Lycamobile Netherlands,,,0.09100
Netherlands,NLD,31,Netherlands - Mundio Mobile,,,0.09100
Netherlands,NLD,31,Netherlands - Private Mobility Nederland,,,0.09100
Netherlands,NLD,31,Netherlands - Roamware (Netherlands),,,0.09100
Netherlands,NLD,31,Netherlands - T-Mobile Netherlands,,,0.09100
Netherlands,NLD,31,Netherlands - Tele2  Nederland,,,0.09100
Netherlands,NLD,31,Netherlands - Teleena Holding,,,0.09100
Netherlands,NLD,31,Netherlands - UPC Nederland,,,0.09100
Netherlands,NLD,31,Netherlands - Vodafone Libertel,,,0.09100
Netherlands,NLD,31,Netherlands - Voiceworks,,,0.09100
Netherlands,NLD,31,Netherlands - Ziggo,,,0.09100
Netherlands,NLD,31,Intercity Mobile Communications,,,0.09100
Netherlands,NLD,31,Aspider Solutions Nederland,,,0.09100
Norway,NOR,47,Norway-Others,,,0.05700
Norway,NOR,47,Norway - Com4 AS,,,0.05700
Norway,NOR,47,Norway - Mobile Norway,,,0.05700
Norway,NOR,47,Norway - TDC AS,,,0.05700
Norway,NOR,47,Norway - Tele2 Norge AS,,,0.06000
Norway,NOR,47,Norway - Telenor Norge AS,,,0.05700
Norway,NOR,47,Norway - TeliaSonera Norge AS (NetCom),,,0.06000
Norway,NOR,47,Ventelo AS,,,0.05700
Norway,NOR,47,Lyca Mobile,,,0.05700
Nepal,NPL,977,Nepal - Nepal Telecom,,,0.12500
Nepal,NPL,977,Nepal - Smart Telecom,,,0.11000
Nepal,NPL,977,Nepal - Spice Nepal,,,0.11752
Nepal,NPL,977,Nepal - Default,,,0.12500
Nauru,NRU,674,Nauru - All Networks,,,0.04000
New Zealand,NZL,64,New Zealand-Telecom,,,0.09500
New Zealand,NZL,64,New Zealand - Telecom New Zealand (Spark),,,0.09500
New Zealand,NZL,64,New Zealand - Two Degrees Mobile,,,0.09500
New Zealand,NZL,64,New Zealand - Vodafone,,,0.09500
New Zealand,NZL,64,New Zealand - Default,,,0.09500
Oman,OMN,968,Oman - Others,,,0.03150
Oman,OMN,968,Oman - Oman Mobile,,,0.09000
Oman,OMN,968,Oman - Omani Qatari Telecom,,,0.03150
Pakistan,PAK,92,Pakistan All,,,0.02840
Pakistan,PAK,92,Pakistan - CMPAK (Zong),,,0.06000
Pakistan,PAK,92,Pakistan - Instaphone,,,0.02840
Pakistan,PAK,92,Pakistan - Mobilink GSM,,,0.05200
Pakistan,PAK,92,Pakistan - Pakistan Telecommunication Mobile Ltd (Ufone),,,0.06000
Pakistan,PAK,92,Pakistan - Telenor Pakistan,,,0.04000
Pakistan,PAK,92,Pakistan - Warid Telecommunications,,,0.05200
Panama,PAN,507,Panama-Others,,,0.04800
Panama,PAN,507,Panama - Cable & Wireless(Movil),,,0.07500
Panama,PAN,507,Panama - Claro,,,0.07600
Panama,PAN,507,Panama - Digicel,,,0.04800
Panama,PAN,507,Panama - Telefonica Moviles (Movistar),,,0.04800
Peru,PER,51,Peru-Others,,,0.03300
Peru,PER,51,Peru - Claro,,,0.04800
Peru,PER,51,Peru - Nextel del Peru,,,0.03300
Peru,PER,51,Peru - Telefonica Moviles (Movistar),,,0.04800
Peru,PER,51,Peru - Viettle Peru S.A.C,,,0.04000
Philippines,PHL,63,Philippines - Others (Globe),,,0.04100
Philippines,PHL,63,Philippines - Digitel/ Sun Cellular,,,0.04100
Philippines,PHL,63,Philippines - Globe Telecom,,,0.04100
Philippines,PHL,63,Philippines - Next Mobile (Nextel),,,0.04100
Philippines,PHL,63,Philippines - Smart Communications,,,0.04100
Palau,PLW,680,Palau-Others,,,0.04000
Palau,PLW,680,Palau - Palau Mobile Corporation (PMC),,,0.00750
Palau,PLW,680,Palau - Palau National Communications Corporation (PNCC),,,0.04000
Papua New Guinea,PNG,675,Papua New Guinea-Others,,,0.03500
Papua New Guinea,PNG,675,Papua New Guinea - BeMobile (PNG) Ltd,,,0.03500
Papua New Guinea,PNG,675,Papua New Guinea - Digicel (PNG),,,0.04300
Poland,POL,48,Poland-Cyfrowy Polsat,,,0.04100
Poland,POL,48,Poland-Others,,,0.04100
Poland,POL,48,Poland - AERO 2 Sp. z o.o.,,,0.04100
Poland,POL,48,Poland - CENTERNET S.A.,,,0.04100
Poland,POL,48,Poland - CYFROWY POLSAT S.A.,,,0.04100
Poland,POL,48,Poland - E-Telko Sp. z o.o.,,,0.04100
Poland,POL,48,Poland - Mobyland,,,0.04100
Poland,POL,48,Poland - Netia Mobile Sp. z o.o. (P4),,,0.04100
Poland,POL,48,Poland - Orange Polska,,,0.04100
Poland,POL,48,Poland - POLKOMTEL S.A.,,,0.04100
Poland,POL,48,Poland - Polska Telefonia Cyfrowa Sp. z o.o. (PTC) (T-mobile),,,0.04100
Poland,POL,48,Poland - SFERIA S.A.,,,0.04100
Poland,POL,48,Poland - Tele 2 Polska (MVNO),,,0.04100
Poland,POL,48,Poland - Truphone,,,0.04100
Poland,POL,48,Lycamobile Sp. z o.o.,,,0.04100
Poland,POL,48,Mundio   Mobile Sp. z o.o.,,,0.04100
Puerto Rico,PRI,1,Puerto Rico-All Networks,,,0.04500
Puerto Rico,PRI,1,"Puerto Rico - North Sight Communications, Inc.",,,0.04500
North Korea,PRK,850,North Korea - All Networks,,,0.06500
Portugal,PRT,351,Portugal-Others,,,0.04800
Portugal,PRT,351,"Portugal - LYCAMOBILE PORTUGAL, LDA.",,,0.04800
Portugal,PRT,351,Portugal - MEO-Servicos de Comunicacoes e Multimedia (TMN),,,0.04800
Portugal,PRT,351,Portugal - NOS (OPTIMUS - COMUNICACOES),,,0.04800
Portugal,PRT,351,Portugal - VODAFONE PORTUGAL,,,0.04800
Portugal,PRT,351,MUNDIO MOBILE (PORTUGAL) LIMITED,,,0.04800
Paraguay,PRY,595,Paraguay - Claro,,,0.02500
Paraguay,PRY,595,Paraguay - Personal (Nucleo),,,0.02500
Paraguay,PRY,595,Paraguay - Telecel / Tigo,,,0.03650
Paraguay,PRY,595,Paraguay - VOX,,,0.03500
French Polynesia,PYF,689,French Polynesia-Others,,,0.08500
French Polynesia,PYF,689,French Polynesia - Pacific Mobile,,,0.08500
French Polynesia,PYF,689,French Polynesia - VINI,,,0.08500
Qatar,QAT,974,Qatar-Q-Tel,,,0.03800
Qatar,QAT,974,Qatar - Ooredoo,,,0.07000
Qatar,QAT,974,Qatar - Vodafone,,,0.03800
Reunion,REU,262,Reunion-Others,,,0.13500
Reunion,REU,262,Reunion - Orange Reunion,,,0.13500
Reunion,REU,262,Reunion - Outremer Telecom,,,0.13500
Reunion,REU,262,Reunion - Societe Reunionnaise du Radiotelephone,,,0.13500
Romania,ROU,40,Romania-DIGI,,,0.06500
Romania,ROU,40,Romania-Others,,,0.06500
Romania,ROU,40,Romania - Cosmote Romanian Mobile Telecommunications,,,0.06500
Romania,ROU,40,Romania - Orange Romania,,,0.07000
Romania,ROU,40,Romania - RCS & RDS,,,0.07000
Romania,ROU,40,Romania - Romtelecom,,,0.06500
Romania,ROU,40,Romania - Telemobile,,,0.06500
Romania,ROU,40,Romania - Vodafone Romania,,,0.06500
Russia,RUS,7,Russia-Other Networks,,,0.04400
Russia,RUS,7,Mobile TeleSystems,,,0.04400
Russia,RUS,7,YOTA (Megafon),,,0.07000
Russia,RUS,7,Nizhegorodskaya Cellular Communications (NCC),,,0.04400
Russia,RUS,7,Yeniseytelecom (ETK),,,0.04400
Russia,RUS,7,Astarte,,,0.04400
Russia,RUS,7,SMARTS,,,0.04400
Russia,RUS,7,Scartel,,,0.04400
Russia,RUS,7,Baykal Westcom,,,0.04400
Russia,RUS,7,New Telephone Company (NTC),,,0.04400
Russia,RUS,7,Uralsvyazinform (UTel),,,0.04400
Russia,RUS,7,VolgaTelecom (Tele2),,,0.04400
Russia,RUS,7,Tele2 Russia,,,0.04500
Russia,RUS,7,Mobicom-Novosibirsk,,,0.04400
Russia,RUS,7,Motiv,,,0.04400
Russia,RUS,7,Kodotel (Votek Mobile),,,0.04400
Russia,RUS,7,PT Mobile,,,0.04400
Russia,RUS,7,Vimpel Communications,,,0.04500
Rwanda,RWA,250,Rwanda - Airtel Rwanda,,,0.04200
Rwanda,RWA,250,Rwanda - MTN Rwanda,,,0.04200
Rwanda,RWA,250,Rwanda - Rwandatel,,,0.04200
Rwanda,RWA,250,Rwanda - TIGO Rwanda,,,0.04200
Saudi Arabia,SAU,966,Saudi Arabia-bravO!,,,0.02600
Saudi Arabia,SAU,966,Saudi Arabia - Etihad Etisalat Company (Mobily),,,0.04300
Saudi Arabia,SAU,966,Saudi Arabia - PTC (iDEN),,,0.02600
Saudi Arabia,SAU,966,Saudi Arabia - Saudi Telecom Company (STC),,,0.02600
Saudi Arabia,SAU,966,Saudi Arabia - ZAIN,,,0.02600
Sudan,SDN,249,Sudan - Areeba (Bashair Telecom Co. Ltd) MTN Sudan,,,0.07500
Sudan,SDN,249,Sudan - Mobitel,,,0.06000
Sudan,SDN,249,Sudan - Sudatel (Sudani One),,,0.06000
Sudan,SDN,249,Sudan - Vivacell,,,0.06500
Senegal,SEN,221,Senegal - Others (Sonatel),,,0.07000
Senegal,SEN,221,Senegal - Expresso Senegal (Sudatel),,,0.12000
Senegal,SEN,221,Senegal - Orange Senegal (Sonatel),,,0.05800
Senegal,SEN,221,Senegal - Tigo (Sentel),,,0.04500
Singapore,SGP,65,Singapore-Others,,,0.03800
Singapore,SGP,65,Singapore - DNA Comms (PTRS)  (GRID),,,0.03800
Singapore,SGP,65,Singapore - M1,,,0.03800
Singapore,SGP,65,Singapore - SingTel,,,0.03800
Singapore,SGP,65,Singapore - StarHub,,,0.03800
Solomon Islands,SLB,677,Solomon Islands-Others,,,0.06500
Solomon Islands,SLB,677,Solomon Islands - Bmobile (SI) Ltd.,,,0.02000
Solomon Islands,SLB,677,Solomon Islands - Solomon Telekom Company,,,0.02000
Sierra Leone,SLE,232,Sierra Leone-Others,,,0.02200
Sierra Leone,SLE,232,Sierra Leone - Africell,,,0.02200
Sierra Leone,SLE,232,Sierra Leone - Airtel (Sierra Leone) Ltd,,,0.02200
Sierra Leone,SLE,232,Sierra Leone - Comium,,,0.02200
Sierra Leone,SLE,232,Sierra Leone - Datatel,,,0.02200
Sierra Leone,SLE,232,Sierra Leone - Lintel,,,0.02200
Sierra Leone,SLE,232,Sierra Leone - Mobitel,,,0.02200
El Salvador,SLV,503,El Salvador-Claro,,,0.04800
El Salvador,SLV,503,El Salvador-Tigo,,,0.06300
El Salvador,SLV,503,El Salvador - CTE Telecom Personal,,,0.04800
El Salvador,SLV,503,El Salvador - DIGICEL,,,0.04800
El Salvador,SLV,503,El Salvador - INTELFON,,,0.04800
El Salvador,SLV,503,El Salvador - TELEFONICA MOVILES MOVISTAR,,,0.04800
El Salvador,SLV,503,El Salvador - TELEMOVIL EL SALVADOR (TIGO),,,0.06300
El Salvador,SLV,503,El Salvador - Default,,,0.06300
San Marino,SMR,378,San Marino-Others,,,0.07000
San Marino,SMR,378,San Marino - Telecom Italia San Marino,,,0.07000
Somalia,SOM,252,Somalia - Golis Telecom Somalia,,,0.08500
Somalia,SOM,252,Somalia - Hortel,,,0.06500
Somalia,SOM,252,Somalia - Montysom,,,0.12000
Somalia,SOM,252,Somalia - NationLink,,,0.08500
Somalia,SOM,252,Somalia - SolTelco,,,0.07000
Somalia,SOM,252,Somalia - Somafone,,,0.07000
Somalia,SOM,252,Somalia - Telcom Somalia,,,0.09500
Somalia,SOM,252,Somalia - Telesom,,,0.08500
Saint Pierre and Miquelon,SPM,508,Saint Pierre and Miquelon - All Networks,,,0.06500
Serbia,SRB,381,Serbia - Telekom Srbija a.d.,,,0.08800
Serbia,SRB,381,Serbia - Telenor d.o.o.,,,0.02500
Serbia,SRB,381,Serbia - Vip mobile d.o.o.,,,0.06300
South Sudan,SSD,,South Sudan-Others,,,0.01000
South Sudan,SSD,,South Sudan - Gemtel,,,0.01000
South Sudan,SSD,,South Sudan - MTN South Sudan,,,0.01100
South Sudan,SSD,,South Sudan - Network of the World (NOW),,,0.01100
South Sudan,SSD,,South Sudan - Zain South Sudan,,,0.02000
Sao Tome and Principe,STP,239,Sao Tome and Principe-Others,,,0.10000
Sao Tome and Principe,STP,239,Sao Tome and Principe - Companhia Santomese de Telecomunicacoes (CST),,,0.10000
Suriname,SUR,597,Suriname-Others,,,0.04900
Suriname,SUR,597,Suriname - Digicel,,,0.06000
Suriname,SUR,597,Suriname - Telesur,,,0.04900
Suriname,SUR,597,Suriname - Uniqa,,,0.04900
Slovakia,SVK,421,Slovakia - Orange,,,0.06000
Slovakia,SVK,421,Slovakia - T Mobile,,,0.06000
Slovakia,SVK,421,Slovakia - Telefonica O2,,,0.06000
Slovenia,SVN,386,Slovenia - Compatel Ltd,,,0.06500
Slovenia,SVN,386,Slovenia - Si.Mobil-Vodafone,,,0.06000
Slovenia,SVN,386,Slovenia - Slovenske Zeleznice D.O.O - (SZ - Infrastruktura),,,0.06000
Slovenia,SVN,386,Slovenia - T Mobile,,,0.09000
Slovenia,SVN,386,Slovenia - TUS Telekom,,,0.03650
Slovenia,SVN,386,Slovenia - Telekom Slovenia (Mobitel),,,0.01500
Sweden,SWE,46,Sweden - Telenor Connexion AB,,,0.06000
Sweden,SWE,46,Sweden - TeliaSonera Mobile Networks AB,,,0.06000
Sweden,SWE,46,Sweden - Other,,,0.07500
Sweden,SWE,46,Sweden - 42 Telecom AB,,,0.06000
Sweden,SWE,46,Sweden - AINMT Sverige,,,0.06000
Sweden,SWE,46,Sweden - Beepsend,,,0.06000
Sweden,SWE,46,Sweden - COOLTEL APS,,,0.06000
Sweden,SWE,46,Sweden - Compatel Limited,,,0.06000
Sweden,SWE,46,Sweden - Digitel Mobile Srl,,,0.06000
Sweden,SWE,46,Sweden - EU Tel AB,,,0.06000
Sweden,SWE,46,Sweden - Generic Mobil Systems,,,0.07000
Sweden,SWE,46,Sweden - Gotalandsnatet,,,0.06000
Sweden,SWE,46,Sweden - HI3G Access,,,0.06000
Sweden,SWE,46,Sweden - Lindholmen Science Park,,,0.06000
Sweden,SWE,46,Sweden - MOBIWEB LTD,,,0.06000
Sweden,SWE,46,Sweden - MUNDIO MOBILE (SWEDE,,,0.10000
Sweden,SWE,46,Sweden - MYINDIAN AB,,,0.06000
Sweden,SWE,46,Sweden - Mobile Arts AB,,,0.06000
Sweden,SWE,46,Sweden - NextGen Mobile,,,0.06000
Sweden,SWE,46,Sweden - Swefour (Spring Mobil),,,0.06000
Sweden,SWE,46,Sweden - TDC Sverige,,,0.06000
Sweden,SWE,46,Sweden - Tele2 Sverige,,,0.06000
Sweden,SWE,46,Sweden - Telenor Sverige,,,0.06000
Sweden,SWE,46,Sweden - Tigo Ltd,,,0.06000
Sweden,SWE,46,Sweden - iMEZ,,,0.06000
Sweden,SWE,46,Lycamobile Sweden,,,0.06000
Sweden,SWE,46,Ventelo Sverige,,,0.06000
Sweden,SWE,46,Wireless Maingate,,,0.06000
Sweden,SWE,46,MERCURY INTERNATIONA,,,0.06000
Swaziland,SWZ,268,Swaziland-Others,,,0.05500
Swaziland,SWZ,268,Swaziland - Swazi MTN,,,0.05500
Swaziland,SWZ,268,Swaziland - Swaziland Posts and Telecommunications Corporation (SPTC),,,0.05500
Seychelles,SYC,248,Seychelles-Others,,,0.06500
Seychelles,SYC,248,Seychelles - Cable & Wireless,,,0.02000
Seychelles,SYC,248,Seychelles - MediaTech,,,0.09350
Seychelles,SYC,248,Seychelles - Telecom (Seychelles) Ltd (Airtel),,,0.05700
Syria,SYR,963,Syria - MTN Syria,,,0.11500
Syria,SYR,963,Syria - Syriatel,,,0.11000
Turks and Caicos Islands,TCA,1649,Turks and Caicos Islands - Cable & Wireless (Turks & Caic,,,0.03400
Turks and Caicos Islands,TCA,1649,Turks and Caicos Islands - IslandCom Communication Ltd,,,0.01500
Chad,TCD,235,Chad - Bharti Airtel,,,0.03200
Chad,TCD,235,Chad - Millicom Tchad,,,0.03200
Chad,TCD,235,Chad - Sotel Tchad,,,0.03200
Togo,TGO,228,Togo-Others,,,0.03000
Togo,TGO,228,Togo - Telecel (Moov),,,0.06000
Togo,TGO,228,Togo - Togocel,,,0.03000
Thailand,THA,66,Thailand-Others,,,0.02650
Thailand,THA,66,Thailand - AIS,,,0.02650
Thailand,THA,66,Thailand - Telephone Organization of Thailand,,,0.02650
Thailand,THA,66,Thailand - Total Access Communication Plc. (TAC/DTAC),,,0.02650
Thailand,THA,66,Thailand - True Move (Real Future),,,0.02650
Thailand,THA,66,Truemove HSPA 3G,,,0.02650
Thailand,THA,66,AWN Advanced Wireless Network,,,0.02650
Thailand,THA,66,DTN,,,0.02650
Thailand,THA,66,Digital Phone,,,0.02650
Thailand,THA,66,Truemove,,,0.02650
Tajikistan,TJK,992,Tajikistan-Others,,,0.01200
Tajikistan,TJK,992,Tajikistan - Babilon Mobile,,,0.01200
Tajikistan,TJK,992,Tajikistan - INDIGO,,,0.01200
Tajikistan,TJK,992,Tajikistan - TCELL (Somoncom),,,0.01200
Tajikistan,TJK,992,Tajikistan - TK Mobile,,,0.01200
Tajikistan,TJK,992,Tajikistan - TT-Mobile,,,0.01200
Tajikistan,TJK,992,Tajikistan - Tajik Tel or Takom Beeline,,,0.01200
Turkmenistan,TKM,993,Turkmenistan - All Networks,,,0.02000
Timor Leste,TLS,670,Timor Leste - All Networks,,,0.03000
Tonga,TON,676,Tonga-Others,,,0.04000
Tonga,TON,676,Tonga - Tonfon,,,0.04000
Tonga,TON,676,Tonga - U-Call,,,0.04000
Trinidad and Tobago,TTO,1868,Trinidad and Tobago-bmobile,,,0.15000
Trinidad and Tobago,TTO,1868,Trinidad and Tobago - Digicel (Trinidad & Tobago),,,0.05000
Trinidad and Tobago,TTO,1868,Trinidad and Tobago - LaqTel Ltd,,,0.05000
Trinidad and Tobago,TTO,1868,Trinidad and Tobago - Telecommunications Services of,,,0.15000
Tunisia,TUN,216,Tunisia-TunTel,,,0.05772
Tunisia,TUN,216,Tunisia-Tunisiana,,,0.05772
Tunisia,TUN,216,Tunisia - Orange Tunisie,,,0.12500
Tunisia,TUN,216,Tunisia - Orascom Tunesie,,,0.08700
Tunisia,TUN,216,Tunisia - Tunisie Telecom,,,0.05772
Turkey,TUR,90,Turkey - AVEA (Aycell-Aria),,,0.02900
Turkey,TUR,90,Turkey - Vodafone,,,0.02900
Turkey,TUR,90,Turkey - Turkcell,,,0.02900
Taiwan,TWN,886,Taiwan-Taiwan Mobile,,,0.04600
Taiwan,TWN,886,Taiwan-Others,,,0.04600
Taiwan,TWN,886,Taiwan - Asia Pacific Telecom,,,0.04600
Taiwan,TWN,886,Taiwan - Chunghwa Telecom LDM,,,0.04600
Taiwan,TWN,886,Taiwan - FITEL (First Tel),,,0.04600
Taiwan,TWN,886,Taiwan - Far Eastone,,,0.04600
Taiwan,TWN,886,Taiwan - Global Mobile (G1),,,0.04600
Taiwan,TWN,886,Taiwan - Taiwan Mobile Co. Ltd,,,0.04600
Taiwan,TWN,886,Taiwan - VIBO Telecom Inc,,,0.04600
Tanzania,TZA,255,Tanzania All,,,0.04200
Tanzania,TZA,255,"Tanzania, United Republic Of-tiGO",,,0.04200
Tanzania,TZA,255,Tanzania - Airtel Tanzania Ltd,,,0.04200
Tanzania,TZA,255,Tanzania - Benson Informatics (T) Ltd.,,,0.04200
Tanzania,TZA,255,Tanzania - Dovetel Tanzania Ltd (Sasatel),,,0.04200
Tanzania,TZA,255,Tanzania - MIC,,,0.05500
Tanzania,TZA,255,Tanzania - MyCell,,,0.04200
Tanzania,TZA,255,Tanzania - SMILE COMMUNICATIONS (T) LTD,,,0.04200
Tanzania,TZA,255,Tanzania - Tanzania Communications Commission Ltd. (TTCL),,,0.04200
Tanzania,TZA,255,Tanzania - Vodacom (T) Ltd.,,,0.04200
Tanzania,TZA,255,Tanzania - Zanzibar Telecom Ltd (Zantel),,,0.04200
Uganda,UGA,256,Uganda-Others,,,0.04900
Uganda,UGA,256,Uganda - Airtel Uganda LTD,,,0.09000
Uganda,UGA,256,Uganda - MTN (Uganda) Ltd,,,0.07400
Uganda,UGA,256,Uganda - Orange Uganda,,,0.12000
Uganda,UGA,256,Uganda - Smile Communications Uganda Ltd,,,0.04900
Uganda,UGA,256,Uganda - Uganda Telecom Ltd,,,0.06000
Uganda,UGA,256,Uganda - Warid Telecom Uganda,,,0.04900
Ukraine,UKR,380,Ukraine-Others,,,0.08300
Ukraine,UKR,380,Ukraine - 3MOB TriMob,,,0.08300
Ukraine,UKR,380,Ukraine - Golden Telecom,,,0.08300
Ukraine,UKR,380,Ukraine - International Telecommunication (CDMA800),,,0.08300
Ukraine,UKR,380,Ukraine - Kyivstar,,,0.08300
Ukraine,UKR,380,Ukraine - MTS Ukraine (Jeans (UMC),,,0.08300
Ukraine,UKR,380,Ukraine - Telesystems (CDMA),,,0.08300
Ukraine,UKR,380,Ukraine - Ukrainian Radio Systems (Beeline),,,0.08300
Ukraine,UKR,380,Ukraine - life:) - Astelit,,,0.08300
Uruguay,URY,598,Uruguay-Others,,,0.06300
Uruguay,URY,598,Uruguay - America Movil Wireless Uruguay S.A.,,,0.06300
Uruguay,URY,598,Uruguay - Antel,,,0.06300
Uruguay,URY,598,Uruguay - Telefonica Moviles (Movistar),,,0.06300
United States,USA,1,US,,,0.00500
United States,USA,1,United States - AT&T Mobility,,,0.00500
United States,USA,1,United States - Choice Phone Llc Dba Iconn,,,0.00500
United States,USA,1,United States - Commnet Wireless,,,0.00500
United States,USA,1,United States - Docomo Pacific,,,0.00500
United States,USA,1,United States - Globalstar USA,,,0.00500
United States,USA,1,United States - Mid-Tex Cellular,,,0.00500
United States,USA,1,"United States - Sprint Nextel Corporation, Inc",,,0.00500
United States,USA,1,United States - T-Mobile,,,0.00500
United States,USA,1,United States - Verizon Wireless,,,0.00500
United States,USA,1,United States - Wave Runner,,,0.00500
United States,USA,1,United States - ACS,,,0.00500
United States,USA,1,United States - ASTAC Wireless,,,0.00500
United States,USA,1,United States - Advantage Cellular,,,0.00500
United States,USA,1,United States - Airadigm Communications,,,0.00500
United States,USA,1,United States - Allied Wireless,,,0.00500
United States,USA,1,United States - Appalachian Wireless,,,0.00500
United States,USA,1,United States - Blanca Telephone Company,,,0.00500
United States,USA,1,United States - Bluegrass Cellular,,,0.00500
United States,USA,1,United States - Bug Tussel Wireless,,,0.00500
United States,USA,1,United States - C Spire,,,0.00500
United States,USA,1,United States - CTC Telecom,,,0.00500
United States,USA,1,United States - Carolina West Wireless,,,0.00500
United States,USA,1,United States - Cellcom,,,0.00500
United States,USA,1,United States - Cellular One of E.Central Illi,,,0.00500
United States,USA,1,United States - Cellular One of NE Arizona,,,0.00500
United States,USA,1,United States - Chariton Valley Cellular,,,0.00500
United States,USA,1,United States - Chat Mobility,,,0.00500
United States,USA,1,United States - Choice Wireless,,,0.00500
United States,USA,1,United States - Cincinnati Bell Wireless,,,0.00500
United States,USA,1,United States - Copper Valley Cellular,,,0.00500
United States,USA,1,United States - Cordova Wireless Communications,,,0.00500
United States,USA,1,United States - Corr Wireless Communications,,,0.00500
United States,USA,1,United States - Cricket Communications,,,0.00500
United States,USA,1,United States - Cross Wireless,,,0.00500
United States,USA,1,United States - Cross-Valliant Cellular Partnership,,,0.00500
United States,USA,1,United States - Crossroads Wireless,,,0.00500
United States,USA,1,United States - Custer Telephone Coop.,,,0.00500
United States,USA,1,United States - Epic Touch Company,,,0.00500
United States,USA,1,United States - Etex Communications dba Etex W,,,0.00500
United States,USA,1,United States - Five Star Wireless,,,0.00500
United States,USA,1,United States - GCI Communication Corp. dba Ge,,,0.00500
United States,USA,1,United States - Golden State Cellular,,,0.00500
United States,USA,1,United States - Illinois Valley Cellular RSA 2,,,0.00500
United States,USA,1,United States - Indigo Wireless,,,0.00500
United States,USA,1,United States - Inland Cellular Telephone Comp,,,0.00500
United States,USA,1,United States - Iowa Wireless Services,,,0.00500
United States,USA,1,United States - Kaplan Telephone Company,,,0.00500
United States,USA,1,United States - Keystone Wireless,,,0.00500
United States,USA,1,United States - Leaco Rural Telephone Cooperat,,,0.00500
United States,USA,1,United States - Long Lines Wireless,,,0.00500
United States,USA,1,United States - MTA Wireless,,,0.00500
United States,USA,1,United States - MTPCS DBA Cellular One,,,0.00500
United States,USA,1,United States - Metro PCS,,,0.00500
United States,USA,1,United States - Mid-Rivers Cellular,,,0.00500
United States,USA,1,United States - NEP Cellcorp,,,0.00500
United States,USA,1,United States - NORTHEAST WIRELESS NETWORKS,,,0.00500
United States,USA,1,United States - NW Missouri Cellular,,,0.00500
United States,USA,1,United States - New Dimensions Wireless,,,0.00500
United States,USA,1,United States - Nex-Tech Wireless,,,0.00500
United States,USA,1,United States - North Dakota Network Company,,,0.00500
United States,USA,1,United States - Oklahoma Western Telephone Company,,,0.00500
United States,USA,1,United States - Otz Telecommunications,,,0.00500
United States,USA,1,United States - PTSI,,,0.00500
United States,USA,1,United States - Pine Telephone,,,0.00500
United States,USA,1,United States - Pinpoint Wireless,,,0.00500
United States,USA,1,United States - Pioneer Cellular,,,0.00500
United States,USA,1,United States - Plateau Telecommunications,,,0.00500
United States,USA,1,United States - Proximiti,,,0.00500
United States,USA,1,United States - Rcc Of Pennsylvania dba Beeper,,,0.00500
United States,USA,1,United States - SI WIRELESS,,,0.00500
United States,USA,1,United States - Sagebrush Cellular,,,0.00500
United States,USA,1,United States - Southern LINC,,,0.00500
United States,USA,1,United States - TELECOM NORTH AMERICA MOBILE,,,0.00500
United States,USA,1,United States - Telalaska Cellular,,,0.00500
United States,USA,1,United States - Telebeeper Of New Mexico,,,0.00500
United States,USA,1,United States - Thumb Cellular,,,0.00500
United States,USA,1,United States - UBET,,,0.00500
United States,USA,1,United States - US Cellular,,,0.00500
United States,USA,1,United States - Union Telephone Company,,,0.00500
United States,USA,1,United States - United Wireless Communications,,,0.00500
United States,USA,1,United States - VA PCS Alliance,,,0.00500
United States,USA,1,United States - Viaero Wireless,,,0.00500
United States,USA,1,United States - West Central Wireless,,,0.00500
United States,USA,1,United States - Westlink Communications,,,0.00500
United States,USA,1,United States - Wilkes Cellular,,,0.00500
United States,USA,1,United States - Wireless Communications,,,0.00500
Uzbekistan,UZB,998,Uzbekistan-Others,,,0.10000
Uzbekistan,UZB,998,Uzbekistan-MTS,,,0.10000
Uzbekistan,UZB,998,Uzbekistan - Coscom (Ucell),,,0.10000
Uzbekistan,UZB,998,Uzbekistan - Perfectum Mobile (Rubicon),,,0.10000
Uzbekistan,UZB,998,Uzbekistan - Untitel(Beeline),,,0.10000
Uzbekistan,UZB,998,Uzbekistan - Uzdunrobita(MTS),,,0.10000
Saint Vincent and Grenadines,VCT,1784,Saint Vincent and The Grenadines-LIME,,,0.04200
Saint Vincent and Grenadines,VCT,1784,Saint Vincent and The Grenadines-Others,,,0.04200
Saint Vincent and Grenadines,VCT,1784,Cable & Wireless (St. Vincent),,,0.06730
Venezuela,VEN,58,Venezuela-Others,,,0.04900
Venezuela,VEN,58,Venezuela - Digitel,,,0.04900
Venezuela,VEN,58,Venezuela - Globalstar of Venezuela,,,0.04900
Venezuela,VEN,58,Venezuela - Movilnet,,,0.04900
Venezuela,VEN,58,Venezuela - Movistar,,,0.04900
Virgin Islands - British,VGB,1284,"Virgin Islands, British-Others",,,0.06500
Virgin Islands - British,VGB,1284,Cable & Wireless (British Virgin Island),,,0.05400
Virgin Islands - British,VGB,1284,Caribbean Cellular Telephone Ltd (CCT),,,0.05400
Virgin Islands - United States,VIR,1340,"Virgin Islands, U.S.-Innovative",,,0.10160
Virgin Islands - United States,VIR,1340,"Virgin Islands, U.S.-Windkeeper",,,0.10160
Virgin Islands - United States,VIR,1340,"Virgin Islands, U.S.-Others",,,0.10160
Virgin Islands - United States,VIR,1340,Vitelcom Cellular,,,0.10160
Vietnam,VNM,84,Vietnam-Others,,,0.04400
Vietnam,VNM,84,MobiFon,,,0.04400
Vietnam,VNM,84,VinaPhone,,,0.04400
Vietnam,VNM,84,S-Fone (CDMA),,,0.04400
Vietnam,VNM,84,Viettel Mobile,,,0.04400
Vietnam,VNM,84,Vietnam Mobile (CDMA),,,0.05900
Vietnam,VNM,84,Beeline NV/GTEL,,,0.04400
Vanuatu,VUT,678,Vanuatu-Others,,,0.04500
Vanuatu,VUT,678,Vanuatu - Digicel,,,0.04500
Vanuatu,VUT,678,Vanuatu - Telecom Vanuatu,,,0.15000
Samoa,WSM,685,Samoa-Others,,,0.08300
Samoa,WSM,685,Samoa - SamoaTel,,,0.08300
Yemen,YEM,967,Yemen-Others,,,0.09000
Yemen,YEM,967,Yemen - MTN,,,0.09000
Yemen,YEM,967,Yemen - Sabafon,,,0.09000
Yemen,YEM,967,Yemen - Y - Telecom,,,0.09000
Yemen,YEM,967,Yemen - Yemen Mobile,,,0.09000
South Africa,ZAF,27,South Africa - CELL C,,,0.02300
South Africa,ZAF,27,South Africa - MTN,,,0.02300
South Africa,ZAF,27,South Africa - Telkom SA Ltd,,,0.03200
South Africa,ZAF,27,South Africa - Vodacom,,,0.02300
Zambia,ZMB,260,Zambia-Others,,,0.03600
Zambia,ZMB,260,Zambia - CelTel,,,0.03600
Zambia,ZMB,260,Zambia - Telecel,,,0.03600
Zambia,ZMB,260,Zambia - Zamtel,,,0.03600
Zimbabwe,ZWE,263,Zimbabwe - Econet Wireless,,,0.03000
Zimbabwe,ZWE,263,Zimbabwe - NetOne,,,0.03900
Zimbabwe,ZWE,263,Zimbabwe-Telecel,,,0.02200
